"arr","baseline","trt_rate","n_patients","n_events","endpoint","schedule","kelly_fraction","burn_in","ramp","power","se","median_crossing","median_final_evalue","n_sims","target_power","alpha"
0.05,0.1,0.05,870,66,"e-RTb","default",0.25,50,100,0.021,0.00453420334788814,631,1.63847126536617,1000,0.8,0.05
0.05,0.1,0.05,870,66,"e-RTe","default",0.25,30,50,0,0,NA,1.28716272653162,1000,0.8,0.05
0.05,0.1,0.05,870,66,"e-RTb","fixed_10_20",0.25,10,20,0.04,0.00619677335393187,620,1.59474288536235,1000,0.8,0.05
0.05,0.1,0.05,870,66,"e-RTe","fixed_10_20",0.25,10,20,0.031,0.00548078461536302,60,2.53427135628361,1000,0.8,0.05
0.05,0.1,0.05,870,66,"e-RTb","fixed_30_50",0.25,30,50,0.029,0.00530650544143695,632,1.63149131003212,1000,0.8,0.05
0.05,0.1,0.05,870,66,"e-RTe","fixed_30_50",0.25,30,50,0,0,NA,1.28716272653162,1000,0.8,0.05
0.05,0.1,0.05,870,66,"e-RTb","proportional_5_10",0.25,44,87,0.026,0.00503229569878401,637,1.6490385747885,1000,0.8,0.05
0.05,0.1,0.05,870,66,"e-RTe","proportional_5_10",0.25,4,7,0.088,0.00895857131466843,53,3.25094341743569,1000,0.8,0.05
0.05,0.1,0.05,870,66,"e-RTb","proportional_10_20",0.25,87,174,0.011,0.00329833291224521,638,1.576279969418,1000,0.8,0.05
0.05,0.1,0.05,870,66,"e-RTe","proportional_10_20",0.25,7,14,0.058,0.00739161687318817,58.5,2.82537567034248,1000,0.8,0.05
0.05,0.1,0.05,870,66,"e-RTb","default",0.5,50,100,0.122,0.0103496859855746,569.5,1.58607535719312,1000,0.8,0.05
0.05,0.1,0.05,870,66,"e-RTe","default",0.5,30,50,0.004,0.00199599599197994,77.5,1.59429081615539,1000,0.8,0.05
0.05,0.1,0.05,870,66,"e-RTb","fixed_10_20",0.5,10,20,0.137,0.0108734079294396,462,1.35903346775899,1000,0.8,0.05
0.05,0.1,0.05,870,66,"e-RTe","fixed_10_20",0.5,10,20,0.238,0.0134668481835951,54,4.4762615618764,1000,0.8,0.05
0.05,0.1,0.05,870,66,"e-RTb","fixed_30_50",0.5,30,50,0.133,0.0107382959542006,515,1.50547986431309,1000,0.8,0.05
0.05,0.1,0.05,870,66,"e-RTe","fixed_30_50",0.5,30,50,0.004,0.00199599599197994,77.5,1.59429081615539,1000,0.8,0.05
0.05,0.1,0.05,870,66,"e-RTb","proportional_5_10",0.5,44,87,0.124,0.0104222838188182,569.5,1.57569172587106,1000,0.8,0.05
0.05,0.1,0.05,870,66,"e-RTe","proportional_5_10",0.5,4,7,0.346,0.0150427391122761,45,6.63545244575342,1000,0.8,0.05
0.05,0.1,0.05,870,66,"e-RTb","proportional_10_20",0.5,87,174,0.102,0.00957057991973318,630,1.611492522211,1000,0.8,0.05
0.05,0.1,0.05,870,66,"e-RTe","proportional_10_20",0.5,7,14,0.295,0.0144213383567546,50,5.42914261163267,1000,0.8,0.05
0.05,0.1,0.05,870,66,"e-RTb","default",0.75,50,100,0.167,0.01179453263169,494,0.95349344808578,1000,0.8,0.05
0.05,0.1,0.05,870,66,"e-RTe","default",0.75,30,50,0.029,0.00530650544143695,70,1.89277969266204,1000,0.8,0.05
0.05,0.1,0.05,870,66,"e-RTb","fixed_10_20",0.75,10,20,0.163,0.0116803681448831,372,0.65393059295135,1000,0.8,0.05
0.05,0.1,0.05,870,66,"e-RTe","fixed_10_20",0.75,10,20,0.388,0.0154096073927923,49,6.11858633006681,1000,0.8,0.05
0.05,0.1,0.05,870,66,"e-RTb","fixed_30_50",0.75,30,50,0.174,0.0119884944842962,423,0.846821975895967,1000,0.8,0.05
0.05,0.1,0.05,870,66,"e-RTe","fixed_30_50",0.75,30,50,0.029,0.00530650544143695,70,1.89277969266204,1000,0.8,0.05
0.05,0.1,0.05,870,66,"e-RTb","proportional_5_10",0.75,44,87,0.169,0.0118506961820815,487,0.955103196958471,1000,0.8,0.05
0.05,0.1,0.05,870,66,"e-RTe","proportional_5_10",0.75,4,7,0.456,0.0157500476189756,39,7.80892411452836,1000,0.8,0.05
0.05,0.1,0.05,870,66,"e-RTb","proportional_10_20",0.75,87,174,0.153,0.0113838042850358,552,1.11320474372056,1000,0.8,0.05
0.05,0.1,0.05,870,66,"e-RTe","proportional_10_20",0.75,7,14,0.427,0.0156419627924375,45,7.11689090091132,1000,0.8,0.05
0.05,0.1,0.05,870,66,"e-RTb","default",1,50,100,0.187,0.0123300851578568,408,0.421014761754676,1000,0.8,0.05
0.05,0.1,0.05,870,66,"e-RTe","default",1,30,50,0.064,0.00773976743836661,66,2.18794647844486,1000,0.8,0.05
0.05,0.1,0.05,870,66,"e-RTb","fixed_10_20",1,10,20,0.165,0.0117377595817941,356,0.170230768976945,1000,0.8,0.05
0.05,0.1,0.05,870,66,"e-RTe","fixed_10_20",1,10,20,0.445,0.0157154382694216,45,5.47812821348357,1000,0.8,0.05
0.05,0.1,0.05,870,66,"e-RTb","fixed_30_50",1,30,50,0.196,0.0125532465920175,362.5,0.318922372638979,1000,0.8,0.05
0.05,0.1,0.05,870,66,"e-RTe","fixed_30_50",1,30,50,0.064,0.00773976743836661,66,2.18794647844486,1000,0.8,0.05
0.05,0.1,0.05,870,66,"e-RTb","proportional_5_10",1,44,87,0.187,0.0123300851578568,412,0.384878341997212,1000,0.8,0.05
0.05,0.1,0.05,870,66,"e-RTe","proportional_5_10",1,4,7,0.483,0.0158022466757104,38,5.1415899851397,1000,0.8,0.05
0.05,0.1,0.05,870,66,"e-RTb","proportional_10_20",1,87,174,0.189,0.012380589646701,503,0.562925073091253,1000,0.8,0.05
0.05,0.1,0.05,870,66,"e-RTe","proportional_10_20",1,7,14,0.48,0.0157987341265052,42,5.68802386516168,1000,0.8,0.05
0.05,0.15,0.1,1372,172,"e-RTb","default",0.25,50,100,0.1,0.00948683298050514,997,2.32895030593559,1000,0.8,0.05
0.05,0.15,0.1,1372,172,"e-RTe","default",0.25,30,50,0.027,0.00512552436341883,159,2.36212617046315,1000,0.8,0.05
0.05,0.15,0.1,1372,172,"e-RTb","fixed_10_20",0.25,10,20,0.11,0.00989444288477123,861.5,2.12312247364299,1000,0.8,0.05
0.05,0.15,0.1,1372,172,"e-RTe","fixed_10_20",0.25,10,20,0.079,0.00852988862764339,132,2.95197532283648,1000,0.8,0.05
0.05,0.15,0.1,1372,172,"e-RTb","fixed_30_50",0.25,30,50,0.108,0.0098150904224057,990.5,2.30611731282125,1000,0.8,0.05
0.05,0.15,0.1,1372,172,"e-RTe","fixed_30_50",0.25,30,50,0.027,0.00512552436341883,159,2.36212617046315,1000,0.8,0.05
0.05,0.15,0.1,1372,172,"e-RTb","proportional_5_10",0.25,69,138,0.092,0.00913980306133562,1043.5,2.29424817541867,1000,0.8,0.05
0.05,0.15,0.1,1372,172,"e-RTe","proportional_5_10",0.25,9,18,0.087,0.00891240708226459,133,2.96568552733088,1000,0.8,0.05
0.05,0.15,0.1,1372,172,"e-RTb","proportional_10_20",0.25,138,275,0.059,0.00745110730026081,1121,2.08868182531163,1000,0.8,0.05
0.05,0.15,0.1,1372,172,"e-RTe","proportional_10_20",0.25,18,35,0.06,0.00750999334220743,145,2.72049432385078,1000,0.8,0.05
0.05,0.15,0.1,1372,172,"e-RTb","default",0.5,50,100,0.252,0.013729384545565,753,2.21851819861213,1000,0.8,0.05
0.05,0.15,0.1,1372,172,"e-RTe","default",0.5,30,50,0.205,0.0127661662216971,140,4.0734319775722,1000,0.8,0.05
0.05,0.15,0.1,1372,172,"e-RTb","fixed_10_20",0.5,10,20,0.232,0.0133482583133531,771,1.59939089351888,1000,0.8,0.05
0.05,0.15,0.1,1372,172,"e-RTe","fixed_10_20",0.5,10,20,0.317,0.0147143127600306,117,5.63086027653523,1000,0.8,0.05
0.05,0.15,0.1,1372,172,"e-RTb","fixed_30_50",0.5,30,50,0.247,0.0136378517369856,751,1.95772026872483,1000,0.8,0.05
0.05,0.15,0.1,1372,172,"e-RTe","fixed_30_50",0.5,30,50,0.205,0.0127661662216971,140,4.0734319775722,1000,0.8,0.05
0.05,0.15,0.1,1372,172,"e-RTb","proportional_5_10",0.5,69,138,0.249,0.0136747577675073,786,2.37669437322512,1000,0.8,0.05
0.05,0.15,0.1,1372,172,"e-RTe","proportional_5_10",0.5,9,18,0.321,0.0147634345597493,113,5.74646999219183,1000,0.8,0.05
0.05,0.15,0.1,1372,172,"e-RTb","proportional_10_20",0.5,138,275,0.221,0.0131209374665075,898,2.26827119314855,1000,0.8,0.05
0.05,0.15,0.1,1372,172,"e-RTe","proportional_10_20",0.5,18,35,0.265,0.0139561814261638,129,5.16586519676025,1000,0.8,0.05
0.05,0.15,0.1,1372,172,"e-RTb","default",0.75,50,100,0.263,0.0139223202089307,599,0.899995535221389,1000,0.8,0.05
0.05,0.15,0.1,1372,172,"e-RTe","default",0.75,30,50,0.344,0.0150221170279026,128,5.06125215963331,1000,0.8,0.05
0.05,0.15,0.1,1372,172,"e-RTb","fixed_10_20",0.75,10,20,0.215,0.012991343271579,563,0.39940632737768,1000,0.8,0.05
0.05,0.15,0.1,1372,172,"e-RTe","fixed_10_20",0.75,10,20,0.445,0.0157154382694216,103,6.75127886166749,1000,0.8,0.05
0.05,0.15,0.1,1372,172,"e-RTb","fixed_30_50",0.75,30,50,0.244,0.0135817524642441,570.5,0.655671444250602,1000,0.8,0.05
0.05,0.15,0.1,1372,172,"e-RTe","fixed_30_50",0.75,30,50,0.344,0.0150221170279026,128,5.06125215963331,1000,0.8,0.05
0.05,0.15,0.1,1372,172,"e-RTb","proportional_5_10",0.75,69,138,0.277,0.0141517136771488,671,1.03659133312775,1000,0.8,0.05
0.05,0.15,0.1,1372,172,"e-RTe","proportional_5_10",0.75,9,18,0.444,0.0157119063133663,101.5,6.68046293359999,1000,0.8,0.05
0.05,0.15,0.1,1372,172,"e-RTb","proportional_10_20",0.75,138,275,0.273,0.0140879735945238,793,1.34483262441008,1000,0.8,0.05
0.05,0.15,0.1,1372,172,"e-RTe","proportional_10_20",0.75,18,35,0.413,0.0155701958882989,115,6.28927796120666,1000,0.8,0.05
0.05,0.15,0.1,1372,172,"e-RTb","default",1,50,100,0.256,0.0138008695378226,480.5,0.171926223962852,1000,0.8,0.05
0.05,0.15,0.1,1372,172,"e-RTe","default",1,30,50,0.42,0.0156076904121013,121,4.99859383465105,1000,0.8,0.05
0.05,0.15,0.1,1372,172,"e-RTb","fixed_10_20",1,10,20,0.169,0.0118506961820815,400,0.041856379711107,1000,0.8,0.05
0.05,0.15,0.1,1372,172,"e-RTe","fixed_10_20",1,10,20,0.478,0.0157960754619621,91.5,5.11114846065618,1000,0.8,0.05
0.05,0.15,0.1,1372,172,"e-RTb","fixed_30_50",1,30,50,0.218,0.0130566458173606,490,0.109798021434764,1000,0.8,0.05
0.05,0.15,0.1,1372,172,"e-RTe","fixed_30_50",1,30,50,0.42,0.0156076904121013,121,4.99859383465105,1000,0.8,0.05
0.05,0.15,0.1,1372,172,"e-RTb","proportional_5_10",1,69,138,0.263,0.0139223202089307,518,0.255833282036304,1000,0.8,0.05
0.05,0.15,0.1,1372,172,"e-RTe","proportional_5_10",1,9,18,0.483,0.0158022466757104,91,4.89532578236202,1000,0.8,0.05
0.05,0.15,0.1,1372,172,"e-RTb","proportional_10_20",1,138,275,0.264,0.0139392969693597,702,0.457110800302098,1000,0.8,0.05
0.05,0.15,0.1,1372,172,"e-RTe","proportional_10_20",1,18,35,0.473,0.0157883184665119,106,5.21211207017084,1000,0.8,0.05
0.05,0.2,0.15,1812,318,"e-RTb","default",0.25,50,100,0.168,0.0118226900492231,1168.5,3.01054574059227,1000,0.8,0.05
0.05,0.2,0.15,1812,318,"e-RTe","default",0.25,30,50,0.065,0.0077958322198467,259,2.52143048971188,1000,0.8,0.05
0.05,0.2,0.15,1812,318,"e-RTb","fixed_10_20",0.25,10,20,0.179,0.0121226647235663,1154,2.88626237132072,1000,0.8,0.05
0.05,0.2,0.15,1812,318,"e-RTe","fixed_10_20",0.25,10,20,0.1,0.00948683298050514,236.5,2.74148735489568,1000,0.8,0.05
0.05,0.2,0.15,1812,318,"e-RTb","fixed_30_50",0.25,30,50,0.174,0.0119884944842962,1149,2.89211269550882,1000,0.8,0.05
0.05,0.2,0.15,1812,318,"e-RTe","fixed_30_50",0.25,30,50,0.065,0.0077958322198467,259,2.52143048971188,1000,0.8,0.05
0.05,0.2,0.15,1812,318,"e-RTb","proportional_5_10",0.25,91,182,0.154,0.0114142016803629,1313.5,3.03895028472045,1000,0.8,0.05
0.05,0.2,0.15,1812,318,"e-RTe","proportional_5_10",0.25,16,32,0.087,0.00891240708226459,247,2.65420121869334,1000,0.8,0.05
0.05,0.2,0.15,1812,318,"e-RTb","proportional_10_20",0.25,182,363,0.125,0.0104582503316759,1398,2.80641623110264,1000,0.8,0.05
0.05,0.2,0.15,1812,318,"e-RTe","proportional_10_20",0.25,32,64,0.06,0.00750999334220743,260,2.4481573150611,1000,0.8,0.05
0.05,0.2,0.15,1812,318,"e-RTb","default",0.5,50,100,0.329,0.0148579608291313,1031,2.48791585559791,1000,0.8,0.05
0.05,0.2,0.15,1812,318,"e-RTe","default",0.5,30,50,0.271,0.014055568291606,219,4.27561151315136,1000,0.8,0.05
0.05,0.2,0.15,1812,318,"e-RTb","fixed_10_20",0.5,10,20,0.288,0.0143197765345692,908,1.64961969154293,1000,0.8,0.05
0.05,0.2,0.15,1812,318,"e-RTe","fixed_10_20",0.5,10,20,0.303,0.0145324120503102,186,4.88193696062222,1000,0.8,0.05
0.05,0.2,0.15,1812,318,"e-RTb","fixed_30_50",0.5,30,50,0.312,0.0146511433000978,970.5,2.12123375872007,1000,0.8,0.05
0.05,0.2,0.15,1812,318,"e-RTe","fixed_30_50",0.5,30,50,0.271,0.014055568291606,219,4.27561151315136,1000,0.8,0.05
0.05,0.2,0.15,1812,318,"e-RTb","proportional_5_10",0.5,91,182,0.342,0.0150011999520038,1067.5,2.89071309268481,1000,0.8,0.05
0.05,0.2,0.15,1812,318,"e-RTe","proportional_5_10",0.5,16,32,0.291,0.0143638086871136,207,4.62744989593916,1000,0.8,0.05
0.05,0.2,0.15,1812,318,"e-RTb","proportional_10_20",0.5,182,363,0.319,0.0147390298188178,1237,2.95930485609757,1000,0.8,0.05
0.05,0.2,0.15,1812,318,"e-RTe","proportional_10_20",0.5,32,64,0.257,0.0138185020895899,228,4.15953952714951,1000,0.8,0.05
0.05,0.2,0.15,1812,318,"e-RTb","default",0.75,50,100,0.319,0.0147390298188178,918,0.737948093840447,1000,0.8,0.05
0.05,0.2,0.15,1812,318,"e-RTe","default",0.75,30,50,0.391,0.0154311049507156,197,5.11219285383772,1000,0.8,0.05
0.05,0.2,0.15,1812,318,"e-RTb","fixed_10_20",0.75,10,20,0.236,0.0134277324965908,788.5,0.271950776810784,1000,0.8,0.05
0.05,0.2,0.15,1812,318,"e-RTe","fixed_10_20",0.75,10,20,0.403,0.0155109960995418,172,4.97268477136143,1000,0.8,0.05
0.05,0.2,0.15,1812,318,"e-RTb","fixed_30_50",0.75,30,50,0.288,0.0143197765345692,865,0.511972834965351,1000,0.8,0.05
0.05,0.2,0.15,1812,318,"e-RTe","fixed_30_50",0.75,30,50,0.391,0.0154311049507156,197,5.11219285383772,1000,0.8,0.05
0.05,0.2,0.15,1812,318,"e-RTb","proportional_5_10",0.75,91,182,0.356,0.0151414662433993,974.5,1.00910859980425,1000,0.8,0.05
0.05,0.2,0.15,1812,318,"e-RTe","proportional_5_10",0.75,16,32,0.402,0.0155047089621186,177.5,5.01474064729305,1000,0.8,0.05
0.05,0.2,0.15,1812,318,"e-RTb","proportional_10_20",0.75,182,363,0.364,0.0152152555022911,1050.5,1.4054650397096,1000,0.8,0.05
0.05,0.2,0.15,1812,318,"e-RTe","proportional_10_20",0.75,32,64,0.384,0.0153799869960933,205.5,5.00517001234464,1000,0.8,0.05
0.05,0.2,0.15,1812,318,"e-RTb","default",1,50,100,0.251,0.0137112727345057,670,0.0811838986323926,1000,0.8,0.05
0.05,0.2,0.15,1812,318,"e-RTe","default",1,30,50,0.431,0.0156601085564564,181,4.24068729119487,1000,0.8,0.05
0.05,0.2,0.15,1812,318,"e-RTb","fixed_10_20",1,10,20,0.152,0.0113532374237483,477.5,0.0106003565433867,1000,0.8,0.05
0.05,0.2,0.15,1812,318,"e-RTe","fixed_10_20",1,10,20,0.42,0.0156076904121013,153.5,3.14841807901975,1000,0.8,0.05
0.05,0.2,0.15,1812,318,"e-RTb","fixed_30_50",1,30,50,0.225,0.0132051126462443,534,0.0362222157016731,1000,0.8,0.05
0.05,0.2,0.15,1812,318,"e-RTe","fixed_30_50",1,30,50,0.431,0.0156601085564564,181,4.24068729119487,1000,0.8,0.05
0.05,0.2,0.15,1812,318,"e-RTb","proportional_5_10",1,91,182,0.298,0.0144636095080032,782.5,0.149844496737352,1000,0.8,0.05
0.05,0.2,0.15,1812,318,"e-RTe","proportional_5_10",1,16,32,0.43,0.0156556698994326,160,3.66110589248153,1000,0.8,0.05
0.05,0.2,0.15,1812,318,"e-RTb","proportional_10_20",1,182,363,0.345,0.0150324648677454,907,0.306186562249217,1000,0.8,0.05
0.05,0.2,0.15,1812,318,"e-RTe","proportional_10_20",1,32,64,0.423,0.0156227718411299,184,4.29675550698144,1000,0.8,0.05
0.05,0.25,0.2,2188,493,"e-RTb","default",0.25,50,100,0.271,0.014055568291606,1414,4.00675759404956,1000,0.8,0.05
0.05,0.25,0.2,2188,493,"e-RTe","default",0.25,30,50,0.082,0.00867617427210865,378,2.5748567096617,1000,0.8,0.05
0.05,0.25,0.2,2188,493,"e-RTb","fixed_10_20",0.25,10,20,0.268,0.0140062843038402,1356,3.70061546498778,1000,0.8,0.05
0.05,0.25,0.2,2188,493,"e-RTe","fixed_10_20",0.25,10,20,0.111,0.00993373041711924,367,2.83788562606501,1000,0.8,0.05
0.05,0.25,0.2,2188,493,"e-RTb","fixed_30_50",0.25,30,50,0.272,0.0140718158032288,1375.5,3.94612529065732,1000,0.8,0.05
0.05,0.25,0.2,2188,493,"e-RTe","fixed_30_50",0.25,30,50,0.082,0.00867617427210865,378,2.5748567096617,1000,0.8,0.05
0.05,0.25,0.2,2188,493,"e-RTb","proportional_5_10",0.25,110,219,0.254,0.0137653187394989,1544.5,3.91527525625077,1000,0.8,0.05
0.05,0.25,0.2,2188,493,"e-RTe","proportional_5_10",0.25,25,50,0.086,0.00886588969026798,375,2.5756285155496,1000,0.8,0.05
0.05,0.25,0.2,2188,493,"e-RTb","proportional_10_20",0.25,219,438,0.203,0.0127197091161709,1661,3.61645638516121,1000,0.8,0.05
0.05,0.25,0.2,2188,493,"e-RTe","proportional_10_20",0.25,50,99,0.05,0.00689202437604511,390,2.33721301549013,1000,0.8,0.05
0.05,0.25,0.2,2188,493,"e-RTb","default",0.5,50,100,0.409,0.0155473148807117,1096,3.20440401292902,1000,0.8,0.05
0.05,0.25,0.2,2188,493,"e-RTe","default",0.5,30,50,0.29,0.0143492160064583,331,4.43768703894883,1000,0.8,0.05
0.05,0.25,0.2,2188,493,"e-RTb","fixed_10_20",0.5,10,20,0.352,0.0151028474136502,1024.5,1.80782500297438,1000,0.8,0.05
0.05,0.25,0.2,2188,493,"e-RTe","fixed_10_20",0.5,10,20,0.317,0.0147143127600306,318,4.57180821842251,1000,0.8,0.05
0.05,0.25,0.2,2188,493,"e-RTb","fixed_30_50",0.5,30,50,0.393,0.015445096309185,1022,2.61322517881951,1000,0.8,0.05
0.05,0.25,0.2,2188,493,"e-RTe","fixed_30_50",0.5,30,50,0.29,0.0143492160064583,331,4.43768703894883,1000,0.8,0.05
0.05,0.25,0.2,2188,493,"e-RTb","proportional_5_10",0.5,110,219,0.41,0.0155531347322654,1175.5,3.70903428377876,1000,0.8,0.05
0.05,0.25,0.2,2188,493,"e-RTe","proportional_5_10",0.5,25,50,0.297,0.0144496020706454,329,4.50232716743626,1000,0.8,0.05
0.05,0.25,0.2,2188,493,"e-RTb","proportional_10_20",0.5,219,438,0.38,0.0153492670834799,1331.5,3.70308150909034,1000,0.8,0.05
0.05,0.25,0.2,2188,493,"e-RTe","proportional_10_20",0.5,50,99,0.243,0.0135628536820243,367,3.96919007271449,1000,0.8,0.05
0.05,0.25,0.2,2188,493,"e-RTb","default",0.75,50,100,0.366,0.0152329905140127,926.5,0.554963080404411,1000,0.8,0.05
0.05,0.25,0.2,2188,493,"e-RTe","default",0.75,30,50,0.395,0.0154588162548107,283,4.78451592881921,1000,0.8,0.05
0.05,0.25,0.2,2188,493,"e-RTb","fixed_10_20",0.75,10,20,0.258,0.0138360398958662,794.5,0.16217704898102,1000,0.8,0.05
0.05,0.25,0.2,2188,493,"e-RTe","fixed_10_20",0.75,10,20,0.397,0.0154722655096143,264,4.42546701228256,1000,0.8,0.05
0.05,0.25,0.2,2188,493,"e-RTb","fixed_30_50",0.75,30,50,0.33,0.0148694317309035,884,0.360009611043362,1000,0.8,0.05
0.05,0.25,0.2,2188,493,"e-RTe","fixed_30_50",0.75,30,50,0.395,0.0154588162548107,283,4.78451592881921,1000,0.8,0.05
0.05,0.25,0.2,2188,493,"e-RTb","proportional_5_10",0.75,110,219,0.412,0.0155645751628498,964,0.945566789373871,1000,0.8,0.05
0.05,0.25,0.2,2188,493,"e-RTe","proportional_5_10",0.75,25,50,0.398,0.0154788888490098,276,4.89814340589638,1000,0.8,0.05
0.05,0.25,0.2,2188,493,"e-RTb","proportional_10_20",0.75,219,438,0.412,0.0155645751628498,1104,1.33712164752259,1000,0.8,0.05
0.05,0.25,0.2,2188,493,"e-RTe","proportional_10_20",0.75,50,99,0.352,0.0151028474136502,319.5,4.88840829691202,1000,0.8,0.05
0.05,0.25,0.2,2188,493,"e-RTb","default",1,50,100,0.267,0.0139896747639107,643,0.0301455460894969,1000,0.8,0.05
0.05,0.25,0.2,2188,493,"e-RTe","default",1,30,50,0.426,0.0156372631876553,249,3.66315160505197,1000,0.8,0.05
0.05,0.25,0.2,2188,493,"e-RTb","fixed_10_20",1,10,20,0.161,0.0116223491601311,471,0.00247709434082902,1000,0.8,0.05
0.05,0.25,0.2,2188,493,"e-RTe","fixed_10_20",1,10,20,0.411,0.0155588881350821,227,2.42624202489298,1000,0.8,0.05
0.05,0.25,0.2,2188,493,"e-RTb","fixed_30_50",1,30,50,0.224,0.0131842330076497,494.5,0.0129246230915534,1000,0.8,0.05
0.05,0.25,0.2,2188,493,"e-RTe","fixed_30_50",1,30,50,0.426,0.0156372631876553,249,3.66315160505197,1000,0.8,0.05
0.05,0.25,0.2,2188,493,"e-RTb","proportional_5_10",1,110,219,0.335,0.0149256490646136,782,0.0914074700310604,1000,0.8,0.05
0.05,0.25,0.2,2188,493,"e-RTe","proportional_5_10",1,25,50,0.426,0.0156372631876553,248,3.68533953067116,1000,0.8,0.05
0.05,0.25,0.2,2188,493,"e-RTb","proportional_10_20",1,219,438,0.393,0.015445096309185,987,0.228251858111082,1000,0.8,0.05
0.05,0.25,0.2,2188,493,"e-RTe","proportional_10_20",1,50,99,0.414,0.0155757503832079,289.5,4.21792422465955,1000,0.8,0.05
0.05,0.3,0.25,2502,689,"e-RTb","default",0.25,50,100,0.315,0.0146892818068141,1613,4.83746171823448,1000,0.8,0.05
0.05,0.3,0.25,2502,689,"e-RTe","default",0.25,30,50,0.079,0.00852988862764339,495,2.21480969098046,1000,0.8,0.05
0.05,0.3,0.25,2502,689,"e-RTb","fixed_10_20",0.25,10,20,0.299,0.0144775343204566,1555,4.36781269918687,1000,0.8,0.05
0.05,0.3,0.25,2502,689,"e-RTe","fixed_10_20",0.25,10,20,0.094,0.00922843432007835,492,2.24065176703635,1000,0.8,0.05
0.05,0.3,0.25,2502,689,"e-RTb","fixed_30_50",0.25,30,50,0.307,0.014585986425333,1559,4.87172252926148,1000,0.8,0.05
0.05,0.3,0.25,2502,689,"e-RTe","fixed_30_50",0.25,30,50,0.079,0.00852988862764339,495,2.21480969098046,1000,0.8,0.05
0.05,0.3,0.25,2502,689,"e-RTb","proportional_5_10",0.25,126,251,0.298,0.0144636095080032,1669.5,4.80469179246236,1000,0.8,0.05
0.05,0.3,0.25,2502,689,"e-RTe","proportional_5_10",0.25,35,69,0.071,0.00812151463706124,506,2.19217461427252,1000,0.8,0.05
0.05,0.3,0.25,2502,689,"e-RTb","proportional_10_20",0.25,251,501,0.25,0.0136930639376292,1878,4.317027848728,1000,0.8,0.05
0.05,0.3,0.25,2502,689,"e-RTe","proportional_10_20",0.25,69,138,0.043,0.00641490451994416,591,2.10485957350553,1000,0.8,0.05
0.05,0.3,0.25,2502,689,"e-RTb","default",0.5,50,100,0.438,0.0156893594515519,1338,3.84437465604418,1000,0.8,0.05
0.05,0.3,0.25,2502,689,"e-RTe","default",0.5,30,50,0.24,0.0135055544129073,408,3.33161952847379,1000,0.8,0.05
0.05,0.3,0.25,2502,689,"e-RTb","fixed_10_20",0.5,10,20,0.364,0.0152152555022911,1346,2.06327279462953,1000,0.8,0.05
0.05,0.3,0.25,2502,689,"e-RTe","fixed_10_20",0.5,10,20,0.251,0.0137112727345057,415,3.22299198899603,1000,0.8,0.05
0.05,0.3,0.25,2502,689,"e-RTb","fixed_30_50",0.5,30,50,0.423,0.0156227718411299,1331,3.1267095511615,1000,0.8,0.05
0.05,0.3,0.25,2502,689,"e-RTe","fixed_30_50",0.5,30,50,0.24,0.0135055544129073,408,3.33161952847379,1000,0.8,0.05
0.05,0.3,0.25,2502,689,"e-RTb","proportional_5_10",0.5,126,251,0.457,0.0157528092732693,1377,4.8026187902482,1000,0.8,0.05
0.05,0.3,0.25,2502,689,"e-RTe","proportional_5_10",0.5,35,69,0.235,0.0134080199880519,428,3.41802340789137,1000,0.8,0.05
0.05,0.3,0.25,2502,689,"e-RTb","proportional_10_20",0.5,251,501,0.457,0.0157528092732693,1478,5.23980035677632,1000,0.8,0.05
0.05,0.3,0.25,2502,689,"e-RTe","proportional_10_20",0.5,69,138,0.21,0.0128802173894698,504,3.31923610446002,1000,0.8,0.05
0.05,0.3,0.25,2502,689,"e-RTb","default",0.75,50,100,0.367,0.0152417518678136,1162,0.497955470349206,1000,0.8,0.05
0.05,0.3,0.25,2502,689,"e-RTe","default",0.75,30,50,0.329,0.0148579608291313,394,3.61922489526956,1000,0.8,0.05
0.05,0.3,0.25,2502,689,"e-RTb","fixed_10_20",0.75,10,20,0.254,0.0137653187394989,1110.5,0.131829656490531,1000,0.8,0.05
0.05,0.3,0.25,2502,689,"e-RTe","fixed_10_20",0.75,10,20,0.324,0.014799459449588,371,2.86505595788419,1000,0.8,0.05
0.05,0.3,0.25,2502,689,"e-RTb","fixed_30_50",0.75,30,50,0.327,0.0148347901906296,1121,0.304981577708984,1000,0.8,0.05
0.05,0.3,0.25,2502,689,"e-RTe","fixed_30_50",0.75,30,50,0.329,0.0148579608291313,394,3.61922489526956,1000,0.8,0.05
0.05,0.3,0.25,2502,689,"e-RTb","proportional_5_10",0.75,126,251,0.438,0.0156893594515519,1203.5,1.13494440347769,1000,0.8,0.05
0.05,0.3,0.25,2502,689,"e-RTe","proportional_5_10",0.75,35,69,0.336,0.0149366662947259,414,3.64872108485926,1000,0.8,0.05
0.05,0.3,0.25,2502,689,"e-RTb","proportional_10_20",0.75,251,501,0.469,0.0157809695519635,1307,1.79102354514751,1000,0.8,0.05
0.05,0.3,0.25,2502,689,"e-RTe","proportional_10_20",0.75,69,138,0.32,0.0147512711316686,462,3.95754969516765,1000,0.8,0.05
0.05,0.3,0.25,2502,689,"e-RTb","default",1,50,100,0.272,0.0140718158032288,928.5,0.025583556406781,1000,0.8,0.05
0.05,0.3,0.25,2502,689,"e-RTe","default",1,30,50,0.372,0.0152845019545944,380.5,2.47549142522586,1000,0.8,0.05
0.05,0.3,0.25,2502,689,"e-RTb","fixed_10_20",1,10,20,0.145,0.0111344061359374,715,0.00135367459185473,1000,0.8,0.05
0.05,0.3,0.25,2502,689,"e-RTe","fixed_10_20",1,10,20,0.331,0.0148808265899445,352,1.59727207941064,1000,0.8,0.05
0.05,0.3,0.25,2502,689,"e-RTb","fixed_30_50",1,30,50,0.225,0.0132051126462443,883,0.00853904408686855,1000,0.8,0.05
0.05,0.3,0.25,2502,689,"e-RTe","fixed_30_50",1,30,50,0.372,0.0152845019545944,380.5,2.47549142522586,1000,0.8,0.05
0.05,0.3,0.25,2502,689,"e-RTb","proportional_5_10",1,126,251,0.371,0.0152760924322943,1009,0.111179903207327,1000,0.8,0.05
0.05,0.3,0.25,2502,689,"e-RTe","proportional_5_10",1,35,69,0.38,0.0153492670834799,370,2.69736022236503,1000,0.8,0.05
0.05,0.3,0.25,2502,689,"e-RTb","proportional_10_20",1,251,501,0.442,0.0157046489932122,1181.5,0.2823057351188,1000,0.8,0.05
0.05,0.3,0.25,2502,689,"e-RTe","proportional_10_20",1,69,138,0.373,0.0152928414625929,414,3.229853420271,1000,0.8,0.05
0.05,0.35,0.3,2754,896,"e-RTb","default",0.25,50,100,0.366,0.0152329905140127,1673,5.946925686947,1000,0.8,0.05
0.05,0.35,0.3,2754,896,"e-RTe","default",0.25,30,50,0.069,0.00801492358042171,669,2.30748939742042,1000,0.8,0.05
0.05,0.35,0.3,2754,896,"e-RTb","fixed_10_20",0.25,10,20,0.349,0.0150731217735411,1635,5.27107118920347,1000,0.8,0.05
0.05,0.35,0.3,2754,896,"e-RTe","fixed_10_20",0.25,10,20,0.079,0.00852988862764339,577,2.31827944968363,1000,0.8,0.05
0.05,0.35,0.3,2754,896,"e-RTb","fixed_30_50",0.25,30,50,0.355,0.0151319199046255,1619,5.65906808313767,1000,0.8,0.05
0.05,0.35,0.3,2754,896,"e-RTe","fixed_30_50",0.25,30,50,0.069,0.00801492358042171,669,2.30748939742042,1000,0.8,0.05
0.05,0.35,0.3,2754,896,"e-RTb","proportional_5_10",0.25,138,276,0.347,0.0150529399121899,1752,5.92142893099873,1000,0.8,0.05
0.05,0.35,0.3,2754,896,"e-RTe","proportional_5_10",0.25,45,90,0.062,0.00762600813007697,683,2.24383276417201,1000,0.8,0.05
0.05,0.35,0.3,2754,896,"e-RTb","proportional_10_20",0.25,276,551,0.298,0.0144636095080032,1906,5.3591526805679,1000,0.8,0.05
0.05,0.35,0.3,2754,896,"e-RTe","proportional_10_20",0.25,90,180,0.037,0.00596917079668525,734,2.14363516715538,1000,0.8,0.05
0.05,0.35,0.3,2754,896,"e-RTb","default",0.5,50,100,0.479,0.015797436500901,1271,4.34342824809146,1000,0.8,0.05
0.05,0.35,0.3,2754,896,"e-RTe","default",0.5,30,50,0.253,0.0137473997541353,550,3.4902956646715,1000,0.8,0.05
0.05,0.35,0.3,2754,896,"e-RTb","fixed_10_20",0.5,10,20,0.4,0.0154919333848297,1299.5,2.25983049320388,1000,0.8,0.05
0.05,0.35,0.3,2754,896,"e-RTe","fixed_10_20",0.5,10,20,0.251,0.0137112727345057,510,3.2282653610688,1000,0.8,0.05
0.05,0.35,0.3,2754,896,"e-RTb","fixed_30_50",0.5,30,50,0.452,0.0157383607786834,1332.5,3.58790963287041,1000,0.8,0.05
0.05,0.35,0.3,2754,896,"e-RTe","fixed_30_50",0.5,30,50,0.253,0.0137473997541353,550,3.4902956646715,1000,0.8,0.05
0.05,0.35,0.3,2754,896,"e-RTb","proportional_5_10",0.5,138,276,0.502,0.0158112618092295,1433,6.46576698736731,1000,0.8,0.05
0.05,0.35,0.3,2754,896,"e-RTe","proportional_5_10",0.5,45,90,0.244,0.0135817524642441,584.5,3.39118430571377,1000,0.8,0.05
0.05,0.35,0.3,2754,896,"e-RTb","proportional_10_20",0.5,276,551,0.496,0.0158108823283206,1645,6.41680690836909,1000,0.8,0.05
0.05,0.35,0.3,2754,896,"e-RTe","proportional_10_20",0.5,90,180,0.205,0.0127661662216971,646,3.40845166513095,1000,0.8,0.05
0.05,0.35,0.3,2754,896,"e-RTb","default",0.75,50,100,0.409,0.0155473148807117,1123,0.434776583476174,1000,0.8,0.05
0.05,0.35,0.3,2754,896,"e-RTe","default",0.75,30,50,0.348,0.0150630674166984,529.5,3.52198021030142,1000,0.8,0.05
0.05,0.35,0.3,2754,896,"e-RTb","fixed_10_20",0.75,10,20,0.27,0.0140392307481571,1075.5,0.0836103553758135,1000,0.8,0.05
0.05,0.35,0.3,2754,896,"e-RTe","fixed_10_20",0.75,10,20,0.327,0.0148347901906296,494,2.71334928256007,1000,0.8,0.05
0.05,0.35,0.3,2754,896,"e-RTb","fixed_30_50",0.75,30,50,0.357,0.0151509405648626,1170,0.267783391525821,1000,0.8,0.05
0.05,0.35,0.3,2754,896,"e-RTe","fixed_30_50",0.75,30,50,0.348,0.0150630674166984,529.5,3.52198021030142,1000,0.8,0.05
0.05,0.35,0.3,2754,896,"e-RTb","proportional_5_10",0.75,138,276,0.505,0.0158105977116616,1159,1.05111253004517,1000,0.8,0.05
0.05,0.35,0.3,2754,896,"e-RTe","proportional_5_10",0.75,45,90,0.345,0.0150324648677454,541,3.83447412530574,1000,0.8,0.05
0.05,0.35,0.3,2754,896,"e-RTb","proportional_10_20",0.75,276,551,0.517,0.0158022466757104,1465,1.9653057308464,1000,0.8,0.05
0.05,0.35,0.3,2754,896,"e-RTe","proportional_10_20",0.75,90,180,0.334,0.0149145566477854,605.5,3.97503800741476,1000,0.8,0.05
0.05,0.35,0.3,2754,896,"e-RTb","default",1,50,100,0.277,0.0141517136771488,769,0.011122623084537,1000,0.8,0.05
0.05,0.35,0.3,2754,896,"e-RTe","default",1,30,50,0.361,0.0151881203577006,479,2.37940372259945,1000,0.8,0.05
0.05,0.35,0.3,2754,896,"e-RTb","fixed_10_20",1,10,20,0.13,0.0106348483769163,155.5,0.000539007461726645,1000,0.8,0.05
0.05,0.35,0.3,2754,896,"e-RTe","fixed_10_20",1,10,20,0.326,0.0148230900961979,450,1.45598492432711,1000,0.8,0.05
0.05,0.35,0.3,2754,896,"e-RTb","fixed_30_50",1,30,50,0.201,0.0126727660753286,615,0.0037002280762727,1000,0.8,0.05
0.05,0.35,0.3,2754,896,"e-RTe","fixed_30_50",1,30,50,0.361,0.0151881203577006,479,2.37940372259945,1000,0.8,0.05
0.05,0.35,0.3,2754,896,"e-RTb","proportional_5_10",1,138,276,0.413,0.0155701958882989,949,0.0536328616558712,1000,0.8,0.05
0.05,0.35,0.3,2754,896,"e-RTe","proportional_5_10",1,45,90,0.388,0.0154096073927923,514.5,2.72752164748263,1000,0.8,0.05
0.05,0.35,0.3,2754,896,"e-RTb","proportional_10_20",1,276,551,0.457,0.0157528092732693,1173,0.179289491937129,1000,0.8,0.05
0.05,0.35,0.3,2754,896,"e-RTe","proportional_10_20",1,90,180,0.384,0.0153799869960933,560,3.44429407398897,1000,0.8,0.05
0.05,0.4,0.35,2942,1104,"e-RTb","default",0.25,50,100,0.36,0.0151789327688082,1849,6.29955227314229,1000,0.8,0.05
0.05,0.4,0.35,2942,1104,"e-RTe","default",0.25,30,50,0.044,0.00648567652600714,754,1.89917315259294,1000,0.8,0.05
0.05,0.4,0.35,2942,1104,"e-RTb","fixed_10_20",0.25,10,20,0.35,0.0150831031289984,1830,5.2138390297973,1000,0.8,0.05
0.05,0.4,0.35,2942,1104,"e-RTe","fixed_10_20",0.25,10,20,0.056,0.00727076337120113,715.5,1.77931955489082,1000,0.8,0.05
0.05,0.4,0.35,2942,1104,"e-RTb","fixed_30_50",0.25,30,50,0.358,0.0151603430040352,1827,5.96150100310398,1000,0.8,0.05
0.05,0.4,0.35,2942,1104,"e-RTe","fixed_30_50",0.25,30,50,0.044,0.00648567652600714,754,1.89917315259294,1000,0.8,0.05
0.05,0.4,0.35,2942,1104,"e-RTb","proportional_5_10",0.25,148,295,0.349,0.0150731217735411,2034,6.34624295626969,1000,0.8,0.05
0.05,0.4,0.35,2942,1104,"e-RTe","proportional_5_10",0.25,56,111,0.034,0.00573096850453743,773.5,1.84878257377081,1000,0.8,0.05
0.05,0.4,0.35,2942,1104,"e-RTb","proportional_10_20",0.25,295,589,0.306,0.0145727142289966,2187.5,5.26803759072778,1000,0.8,0.05
0.05,0.4,0.35,2942,1104,"e-RTe","proportional_10_20",0.25,111,221,0.017,0.00408790900094413,829,1.76546979489129,1000,0.8,0.05
0.05,0.4,0.35,2942,1104,"e-RTb","default",0.5,50,100,0.464,0.0157703519301251,1479,4.40628241283269,1000,0.8,0.05
0.05,0.4,0.35,2942,1104,"e-RTe","default",0.5,30,50,0.198,0.012601428490453,696,2.45174281395759,1000,0.8,0.05
0.05,0.4,0.35,2942,1104,"e-RTb","fixed_10_20",0.5,10,20,0.39,0.0154240072614091,1550,2.05805913427582,1000,0.8,0.05
0.05,0.4,0.35,2942,1104,"e-RTe","fixed_10_20",0.5,10,20,0.199,0.0126253316788115,660,2.03092108121774,1000,0.8,0.05
0.05,0.4,0.35,2942,1104,"e-RTb","fixed_30_50",0.5,30,50,0.438,0.0156893594515519,1491,3.42365026848482,1000,0.8,0.05
0.05,0.4,0.35,2942,1104,"e-RTe","fixed_30_50",0.5,30,50,0.198,0.012601428490453,696,2.45174281395759,1000,0.8,0.05
0.05,0.4,0.35,2942,1104,"e-RTb","proportional_5_10",0.5,148,295,0.51,0.0158082257068907,1598,5.85366890472588,1000,0.8,0.05
0.05,0.4,0.35,2942,1104,"e-RTe","proportional_5_10",0.5,56,111,0.182,0.0122014753206323,710,2.50448240857091,1000,0.8,0.05
0.05,0.4,0.35,2942,1104,"e-RTb","proportional_10_20",0.5,295,589,0.494,0.0158102498398982,1760.5,6.54528400913902,1000,0.8,0.05
0.05,0.4,0.35,2942,1104,"e-RTe","proportional_10_20",0.5,111,221,0.155,0.0114444309600784,820,2.37073495979004,1000,0.8,0.05
0.05,0.4,0.35,2942,1104,"e-RTb","default",0.75,50,100,0.375,0.0153093108923949,1229,0.3876098748993,1000,0.8,0.05
0.05,0.4,0.35,2942,1104,"e-RTe","default",0.75,30,50,0.283,0.0142446832186609,628,2.15218065009494,1000,0.8,0.05
0.05,0.4,0.35,2942,1104,"e-RTb","fixed_10_20",0.75,10,20,0.24,0.0135055544129073,1343,0.0643950284752903,1000,0.8,0.05
0.05,0.4,0.35,2942,1104,"e-RTe","fixed_10_20",0.75,10,20,0.265,0.0139561814261638,580,1.61863453170036,1000,0.8,0.05
0.05,0.4,0.35,2942,1104,"e-RTb","fixed_30_50",0.75,30,50,0.322,0.0147755202954075,1308.5,0.215891472360935,1000,0.8,0.05
0.05,0.4,0.35,2942,1104,"e-RTe","fixed_30_50",0.75,30,50,0.283,0.0142446832186609,628,2.15218065009494,1000,0.8,0.05
0.05,0.4,0.35,2942,1104,"e-RTb","proportional_5_10",0.75,148,295,0.471,0.0157847711418316,1323,1.07500243382128,1000,0.8,0.05
0.05,0.4,0.35,2942,1104,"e-RTe","proportional_5_10",0.75,56,111,0.27,0.0140392307481571,661.5,2.46633626504035,1000,0.8,0.05
0.05,0.4,0.35,2942,1104,"e-RTb","proportional_10_20",0.75,295,589,0.498,0.0158112618092295,1509.5,1.91872405578496,1000,0.8,0.05
0.05,0.4,0.35,2942,1104,"e-RTe","proportional_10_20",0.75,111,221,0.25,0.0136930639376292,739.5,2.54188231692856,1000,0.8,0.05
0.05,0.4,0.35,2942,1104,"e-RTb","default",1,50,100,0.25,0.0136930639376292,975.5,0.00801127901819993,1000,0.8,0.05
0.05,0.4,0.35,2942,1104,"e-RTe","default",1,30,50,0.293,0.0143927412260486,550,1.28560240520599,1000,0.8,0.05
0.05,0.4,0.35,2942,1104,"e-RTb","fixed_10_20",1,10,20,0.095,0.00927227048785787,300,0.000342738323550814,1000,0.8,0.05
0.05,0.4,0.35,2942,1104,"e-RTe","fixed_10_20",1,10,20,0.268,0.0140062843038402,508,0.791824847005311,1000,0.8,0.05
0.05,0.4,0.35,2942,1104,"e-RTb","fixed_30_50",1,30,50,0.19,0.0124056438768812,688.5,0.00255181274916411,1000,0.8,0.05
0.05,0.4,0.35,2942,1104,"e-RTe","fixed_30_50",1,30,50,0.293,0.0143927412260486,550,1.28560240520599,1000,0.8,0.05
0.05,0.4,0.35,2942,1104,"e-RTb","proportional_5_10",1,148,295,0.378,0.0153334927527945,1071,0.053872204565216,1000,0.8,0.05
0.05,0.4,0.35,2942,1104,"e-RTe","proportional_5_10",1,56,111,0.301,0.0145051370210695,602,1.70049689275227,1000,0.8,0.05
0.05,0.4,0.35,2942,1104,"e-RTb","proportional_10_20",1,295,589,0.44,0.0156971334962789,1287.5,0.183531346519212,1000,0.8,0.05
0.05,0.4,0.35,2942,1104,"e-RTe","proportional_10_20",1,111,221,0.284,0.0142598737722323,678,2.18747687586645,1000,0.8,0.05
0.075,0.15,0.075,556,63,"e-RTb","default",0.25,50,100,0.053,0.00708456067798138,430,2.07076425908573,1000,0.8,0.05
0.075,0.15,0.075,556,63,"e-RTe","default",0.25,30,50,0,0,NA,1.26436273912658,1000,0.8,0.05
0.075,0.15,0.075,556,63,"e-RTb","fixed_10_20",0.25,10,20,0.092,0.00913980306133562,375,2.22511436148528,1000,0.8,0.05
0.075,0.15,0.075,556,63,"e-RTe","fixed_10_20",0.25,10,20,0.025,0.00493710441453287,64,2.42528224910652,1000,0.8,0.05
0.075,0.15,0.075,556,63,"e-RTb","fixed_30_50",0.25,30,50,0.071,0.00812151463706124,438,2.18101525698298,1000,0.8,0.05
0.075,0.15,0.075,556,63,"e-RTe","fixed_30_50",0.25,30,50,0,0,NA,1.26436273912658,1000,0.8,0.05
0.075,0.15,0.075,556,63,"e-RTb","proportional_5_10",0.25,28,56,0.07,0.00806845710157772,437,2.17776800368776,1000,0.8,0.05
0.075,0.15,0.075,556,63,"e-RTe","proportional_5_10",0.25,4,7,0.092,0.00913980306133562,57.5,3.01271034302002,1000,0.8,0.05
0.075,0.15,0.075,556,63,"e-RTb","proportional_10_20",0.25,56,112,0.049,0.00682634602111554,444,2.03385492869042,1000,0.8,0.05
0.075,0.15,0.075,556,63,"e-RTe","proportional_10_20",0.25,7,13,0.048,0.00675988165576883,60,2.77064825345444,1000,0.8,0.05
0.075,0.15,0.075,556,63,"e-RTb","default",0.5,50,100,0.206,0.0127892142057282,368.5,2.25868670387418,1000,0.8,0.05
0.075,0.15,0.075,556,63,"e-RTe","default",0.5,30,50,0.004,0.00199599599197994,78.5,1.529893092288,1000,0.8,0.05
0.075,0.15,0.075,556,63,"e-RTb","fixed_10_20",0.5,10,20,0.217,0.0130349913693872,324,1.99653391739722,1000,0.8,0.05
0.075,0.15,0.075,556,63,"e-RTe","fixed_10_20",0.5,10,20,0.229,0.0132875505643441,52,4.4684817693818,1000,0.8,0.05
0.075,0.15,0.075,556,63,"e-RTb","fixed_30_50",0.5,30,50,0.22,0.0130996183150503,353,2.26403038479401,1000,0.8,0.05
0.075,0.15,0.075,556,63,"e-RTe","fixed_30_50",0.5,30,50,0.004,0.00199599599197994,78.5,1.529893092288,1000,0.8,0.05
0.075,0.15,0.075,556,63,"e-RTb","proportional_5_10",0.5,28,56,0.218,0.0130566458173606,346,2.25977678343996,1000,0.8,0.05
0.075,0.15,0.075,556,63,"e-RTe","proportional_5_10",0.5,4,7,0.335,0.0149256490646136,44,5.92715832728203,1000,0.8,0.05
0.075,0.15,0.075,556,63,"e-RTb","proportional_10_20",0.5,56,112,0.199,0.0126253316788115,385,2.27653175154871,1000,0.8,0.05
0.075,0.15,0.075,556,63,"e-RTe","proportional_10_20",0.5,7,13,0.286,0.0142899965010493,47,5.53122488950633,1000,0.8,0.05
0.075,0.15,0.075,556,63,"e-RTb","default",0.75,50,100,0.27,0.0140392307481571,344,1.29208397859415,1000,0.8,0.05
0.075,0.15,0.075,556,63,"e-RTe","default",0.75,30,50,0.021,0.00453420334788814,72,1.80626796747695,1000,0.8,0.05
0.075,0.15,0.075,556,63,"e-RTb","fixed_10_20",0.75,10,20,0.25,0.0136930639376292,277,0.752359762708226,1000,0.8,0.05
0.075,0.15,0.075,556,63,"e-RTe","fixed_10_20",0.75,10,20,0.374,0.0153011110707687,47,5.83022458024048,1000,0.8,0.05
0.075,0.15,0.075,556,63,"e-RTb","fixed_30_50",0.75,30,50,0.261,0.0138880884213775,309,1.11599817755398,1000,0.8,0.05
0.075,0.15,0.075,556,63,"e-RTe","fixed_30_50",0.75,30,50,0.021,0.00453420334788814,72,1.80626796747695,1000,0.8,0.05
0.075,0.15,0.075,556,63,"e-RTb","proportional_5_10",0.75,28,56,0.262,0.0139052508067996,302,1.14671281329931,1000,0.8,0.05
0.075,0.15,0.075,556,63,"e-RTe","proportional_5_10",0.75,4,7,0.446,0.0157189058143371,39,7.6814327706994,1000,0.8,0.05
0.075,0.15,0.075,556,63,"e-RTb","proportional_10_20",0.75,56,112,0.268,0.0140062843038402,353,1.33908405126689,1000,0.8,0.05
0.075,0.15,0.075,556,63,"e-RTe","proportional_10_20",0.75,7,13,0.419,0.0156025318458255,44,7.14363452409148,1000,0.8,0.05
0.075,0.15,0.075,556,63,"e-RTb","default",1,50,100,0.263,0.0139223202089307,289,0.427675225311893,1000,0.8,0.05
0.075,0.15,0.075,556,63,"e-RTe","default",1,30,50,0.066,0.00785136930732468,66,2.06799736469137,1000,0.8,0.05
0.075,0.15,0.075,556,63,"e-RTb","fixed_10_20",1,10,20,0.228,0.0132671021704063,216.5,0.108083634374428,1000,0.8,0.05
0.075,0.15,0.075,556,63,"e-RTe","fixed_10_20",1,10,20,0.439,0.0156932788161047,43,5.69171037843007,1000,0.8,0.05
0.075,0.15,0.075,556,63,"e-RTb","fixed_30_50",1,30,50,0.262,0.0139052508067996,265,0.265343660705784,1000,0.8,0.05
0.075,0.15,0.075,556,63,"e-RTe","fixed_30_50",1,30,50,0.066,0.00785136930732468,66,2.06799736469137,1000,0.8,0.05
0.075,0.15,0.075,556,63,"e-RTb","proportional_5_10",1,28,56,0.265,0.0139561814261638,265,0.267994911199599,1000,0.8,0.05
0.075,0.15,0.075,556,63,"e-RTe","proportional_5_10",1,4,7,0.463,0.0157680372906713,34,4.81884417235651,1000,0.8,0.05
0.075,0.15,0.075,556,63,"e-RTb","proportional_10_20",1,56,112,0.265,0.0139561814261638,306,0.462677142394507,1000,0.8,0.05
0.075,0.15,0.075,556,63,"e-RTe","proportional_10_20",1,7,13,0.466,0.0157747900144503,39,5.83173249591264,1000,0.8,0.05
0.075,0.2,0.125,758,124,"e-RTb","default",0.25,50,100,0.121,0.0103130499853341,598,2.55906806875851,1000,0.8,0.05
0.075,0.2,0.125,758,124,"e-RTe","default",0.25,30,50,0.004,0.00199599599197994,120.5,1.95855031917719,1000,0.8,0.05
0.075,0.2,0.125,758,124,"e-RTb","fixed_10_20",0.25,10,20,0.151,0.0113224997240009,525,2.70766418913054,1000,0.8,0.05
0.075,0.2,0.125,758,124,"e-RTe","fixed_10_20",0.25,10,20,0.055,0.00720936890441875,105,2.70423012392699,1000,0.8,0.05
0.075,0.2,0.125,758,124,"e-RTb","fixed_30_50",0.25,30,50,0.146,0.0111661989951818,568,2.72018620996938,1000,0.8,0.05
0.075,0.2,0.125,758,124,"e-RTe","fixed_30_50",0.25,30,50,0.004,0.00199599599197994,120.5,1.95855031917719,1000,0.8,0.05
0.075,0.2,0.125,758,124,"e-RTb","proportional_5_10",0.25,38,76,0.134,0.0107723720693262,582,2.55796637309625,1000,0.8,0.05
0.075,0.2,0.125,758,124,"e-RTe","proportional_5_10",0.25,7,13,0.071,0.00812151463706124,104,2.83455129223857,1000,0.8,0.05
0.075,0.2,0.125,758,124,"e-RTb","proportional_10_20",0.25,76,152,0.1,0.00948683298050514,627.5,2.49203982535469,1000,0.8,0.05
0.075,0.2,0.125,758,124,"e-RTe","proportional_10_20",0.25,13,25,0.047,0.00669260786241059,109,2.60569209484639,1000,0.8,0.05
0.075,0.2,0.125,758,124,"e-RTb","default",0.5,50,100,0.316,0.0147018366199601,490.5,2.68655048517179,1000,0.8,0.05
0.075,0.2,0.125,758,124,"e-RTe","default",0.5,30,50,0.12,0.0102761860629321,109.5,3.00961393898668,1000,0.8,0.05
0.075,0.2,0.125,758,124,"e-RTb","fixed_10_20",0.5,10,20,0.292,0.0143783170086071,442.5,2.02863306758084,1000,0.8,0.05
0.075,0.2,0.125,758,124,"e-RTe","fixed_10_20",0.5,10,20,0.278,0.0141674274305535,87,5.08908503617108,1000,0.8,0.05
0.075,0.2,0.125,758,124,"e-RTb","fixed_30_50",0.5,30,50,0.317,0.0147143127600306,475,2.56430675958636,1000,0.8,0.05
0.075,0.2,0.125,758,124,"e-RTe","fixed_30_50",0.5,30,50,0.12,0.0102761860629321,109.5,3.00961393898668,1000,0.8,0.05
0.075,0.2,0.125,758,124,"e-RTb","proportional_5_10",0.5,38,76,0.319,0.0147390298188178,491,2.62661070911864,1000,0.8,0.05
0.075,0.2,0.125,758,124,"e-RTe","proportional_5_10",0.5,7,13,0.299,0.0144775343204566,81,5.40313374831352,1000,0.8,0.05
0.075,0.2,0.125,758,124,"e-RTb","proportional_10_20",0.5,76,152,0.298,0.0144636095080032,534,2.76391247781581,1000,0.8,0.05
0.075,0.2,0.125,758,124,"e-RTe","proportional_10_20",0.5,13,25,0.251,0.0137112727345057,89,4.6796878699492,1000,0.8,0.05
0.075,0.2,0.125,758,124,"e-RTb","default",0.75,50,100,0.328,0.0148464137083674,420.5,1.13638652285103,1000,0.8,0.05
0.075,0.2,0.125,758,124,"e-RTe","default",0.75,30,50,0.252,0.013729384545565,103,3.80521145271315,1000,0.8,0.05
0.075,0.2,0.125,758,124,"e-RTb","fixed_10_20",0.75,10,20,0.258,0.0138360398958662,367,0.453891697243395,1000,0.8,0.05
0.075,0.2,0.125,758,124,"e-RTe","fixed_10_20",0.75,10,20,0.401,0.0154983547513922,78,6.25409489766627,1000,0.8,0.05
0.075,0.2,0.125,758,124,"e-RTb","fixed_30_50",0.75,30,50,0.311,0.0146382717559144,402,0.845878781450532,1000,0.8,0.05
0.075,0.2,0.125,758,124,"e-RTe","fixed_30_50",0.75,30,50,0.252,0.013729384545565,103,3.80521145271315,1000,0.8,0.05
0.075,0.2,0.125,758,124,"e-RTb","proportional_5_10",0.75,38,76,0.32,0.0147512711316686,391,0.987662601665281,1000,0.8,0.05
0.075,0.2,0.125,758,124,"e-RTe","proportional_5_10",0.75,7,13,0.41,0.0155531347322654,74,6.41056736469787,1000,0.8,0.05
0.075,0.2,0.125,758,124,"e-RTb","proportional_10_20",0.75,76,152,0.34,0.0149799866488592,452.5,1.42164470101213,1000,0.8,0.05
0.075,0.2,0.125,758,124,"e-RTe","proportional_10_20",0.75,13,25,0.384,0.0153799869960933,82,5.97211923485515,1000,0.8,0.05
0.075,0.2,0.125,758,124,"e-RTb","default",1,50,100,0.301,0.0145051370210695,358,0.252168250580341,1000,0.8,0.05
0.075,0.2,0.125,758,124,"e-RTe","default",1,30,50,0.325,0.0148113132435986,97,3.98322533633899,1000,0.8,0.05
0.075,0.2,0.125,758,124,"e-RTb","fixed_10_20",1,10,20,0.2,0.0126491106406735,293,0.0373710413881312,1000,0.8,0.05
0.075,0.2,0.125,758,124,"e-RTe","fixed_10_20",1,10,20,0.461,0.0157632166768081,71,4.64778905717064,1000,0.8,0.05
0.075,0.2,0.125,758,124,"e-RTb","fixed_30_50",1,30,50,0.27,0.0140392307481571,323.5,0.142291692771304,1000,0.8,0.05
0.075,0.2,0.125,758,124,"e-RTe","fixed_30_50",1,30,50,0.325,0.0148113132435986,97,3.98322533633899,1000,0.8,0.05
0.075,0.2,0.125,758,124,"e-RTb","proportional_5_10",1,38,76,0.283,0.0142446832186609,340,0.196559856142789,1000,0.8,0.05
0.075,0.2,0.125,758,124,"e-RTe","proportional_5_10",1,7,13,0.449,0.0157289224042844,66,4.42472464038938,1000,0.8,0.05
0.075,0.2,0.125,758,124,"e-RTb","proportional_10_20",1,76,152,0.328,0.0148464137083674,401,0.37907705049051,1000,0.8,0.05
0.075,0.2,0.125,758,124,"e-RTe","proportional_10_20",1,13,25,0.442,0.0157046489932122,76,4.75206814040156,1000,0.8,0.05
0.075,0.25,0.175,932,199,"e-RTb","default",0.25,50,100,0.212,0.0129250145067617,625,3.70816695322996,1000,0.8,0.05
0.075,0.25,0.175,932,199,"e-RTe","default",0.25,30,50,0.033,0.00564898220921256,169,2.06778566884883,1000,0.8,0.05
0.075,0.25,0.175,932,199,"e-RTb","fixed_10_20",0.25,10,20,0.235,0.0134080199880519,581,3.55499001348053,1000,0.8,0.05
0.075,0.25,0.175,932,199,"e-RTe","fixed_10_20",0.25,10,20,0.08,0.00857904423581089,156.5,2.4003866313936,1000,0.8,0.05
0.075,0.25,0.175,932,199,"e-RTb","fixed_30_50",0.25,30,50,0.231,0.0133281281506444,615,3.72486319283528,1000,0.8,0.05
0.075,0.25,0.175,932,199,"e-RTe","fixed_30_50",0.25,30,50,0.033,0.00564898220921256,169,2.06778566884883,1000,0.8,0.05
0.075,0.25,0.175,932,199,"e-RTb","proportional_5_10",0.25,47,94,0.216,0.0130132240432569,630,3.7478033174858,1000,0.8,0.05
0.075,0.25,0.175,932,199,"e-RTe","proportional_5_10",0.25,10,20,0.08,0.00857904423581089,156.5,2.4003866313936,1000,0.8,0.05
0.075,0.25,0.175,932,199,"e-RTb","proportional_10_20",0.25,94,187,0.18,0.01214907403879,709.5,3.33477813762725,1000,0.8,0.05
0.075,0.25,0.175,932,199,"e-RTe","proportional_10_20",0.25,20,40,0.049,0.00682634602111554,162,2.21445121857686,1000,0.8,0.05
0.075,0.25,0.175,932,199,"e-RTb","default",0.5,50,100,0.379,0.0153414145371279,534,3.9419694087602,1000,0.8,0.05
0.075,0.25,0.175,932,199,"e-RTe","default",0.5,30,50,0.197,0.0125774003673255,149,3.13744183597551,1000,0.8,0.05
0.075,0.25,0.175,932,199,"e-RTb","fixed_10_20",0.5,10,20,0.35,0.0150831031289984,475.5,2.61744593817935,1000,0.8,0.05
0.075,0.25,0.175,932,199,"e-RTe","fixed_10_20",0.5,10,20,0.262,0.0139052508067996,128,3.87270918157257,1000,0.8,0.05
0.075,0.25,0.175,932,199,"e-RTb","fixed_30_50",0.5,30,50,0.367,0.0152417518678136,489,3.62637839474613,1000,0.8,0.05
0.075,0.25,0.175,932,199,"e-RTe","fixed_30_50",0.5,30,50,0.197,0.0125774003673255,149,3.13744183597551,1000,0.8,0.05
0.075,0.25,0.175,932,199,"e-RTb","proportional_5_10",0.5,47,94,0.378,0.0153334927527945,509.5,3.83754561191567,1000,0.8,0.05
0.075,0.25,0.175,932,199,"e-RTe","proportional_5_10",0.5,10,20,0.262,0.0139052508067996,128,3.87270918157257,1000,0.8,0.05
0.075,0.25,0.175,932,199,"e-RTb","proportional_10_20",0.5,94,187,0.354,0.0151223014121528,590,3.8315559021488,1000,0.8,0.05
0.075,0.25,0.175,932,199,"e-RTe","proportional_10_20",0.5,20,40,0.234,0.0133882037630147,138,3.53725047618826,1000,0.8,0.05
0.075,0.25,0.175,932,199,"e-RTb","default",0.75,50,100,0.387,0.015402305022301,454,1.17871447019244,1000,0.8,0.05
0.075,0.25,0.175,932,199,"e-RTe","default",0.75,30,50,0.314,0.0146766481186952,137.5,3.69431952899078,1000,0.8,0.05
0.075,0.25,0.175,932,199,"e-RTb","fixed_10_20",0.75,10,20,0.269,0.0140228028582021,396,0.371715455528221,1000,0.8,0.05
0.075,0.25,0.175,932,199,"e-RTe","fixed_10_20",0.75,10,20,0.369,0.0152590628807932,115,4.34173721265167,1000,0.8,0.05
0.075,0.25,0.175,932,199,"e-RTb","fixed_30_50",0.75,30,50,0.335,0.0149256490646136,453,0.785926725589558,1000,0.8,0.05
0.075,0.25,0.175,932,199,"e-RTe","fixed_30_50",0.75,30,50,0.314,0.0146766481186952,137.5,3.69431952899078,1000,0.8,0.05
0.075,0.25,0.175,932,199,"e-RTb","proportional_5_10",0.75,47,94,0.382,0.015364764885933,455,1.13383483236225,1000,0.8,0.05
0.075,0.25,0.175,932,199,"e-RTe","proportional_5_10",0.75,10,20,0.369,0.0152590628807932,115,4.34173721265167,1000,0.8,0.05
0.075,0.25,0.175,932,199,"e-RTb","proportional_10_20",0.75,94,187,0.4,0.0154919333848297,516,1.67238531379172,1000,0.8,0.05
0.075,0.25,0.175,932,199,"e-RTe","proportional_10_20",0.75,20,40,0.342,0.0150011999520038,128,3.89290012475037,1000,0.8,0.05
0.075,0.25,0.175,932,199,"e-RTb","default",1,50,100,0.315,0.0146892818068141,376,0.137646488827398,1000,0.8,0.05
0.075,0.25,0.175,932,199,"e-RTe","default",1,30,50,0.385,0.0153874949228261,129,3.34391684917798,1000,0.8,0.05
0.075,0.25,0.175,932,199,"e-RTb","fixed_10_20",1,10,20,0.165,0.0117377595817941,273,0.0101940917637369,1000,0.8,0.05
0.075,0.25,0.175,932,199,"e-RTe","fixed_10_20",1,10,20,0.397,0.0154722655096143,107,2.90394516321759,1000,0.8,0.05
0.075,0.25,0.175,932,199,"e-RTb","fixed_30_50",1,30,50,0.238,0.0134668481835951,283.5,0.056492949951499,1000,0.8,0.05
0.075,0.25,0.175,932,199,"e-RTe","fixed_30_50",1,30,50,0.385,0.0153874949228261,129,3.34391684917798,1000,0.8,0.05
0.075,0.25,0.175,932,199,"e-RTb","proportional_5_10",1,47,94,0.303,0.0145324120503102,358,0.126896954112007,1000,0.8,0.05
0.075,0.25,0.175,932,199,"e-RTe","proportional_5_10",1,10,20,0.397,0.0154722655096143,107,2.90394516321759,1000,0.8,0.05
0.075,0.25,0.175,932,199,"e-RTb","proportional_10_20",1,94,187,0.359,0.0151696736945789,467,0.331549175184413,1000,0.8,0.05
0.075,0.25,0.175,932,199,"e-RTe","proportional_10_20",1,20,40,0.402,0.0155047089621186,123,3.32344025332037,1000,0.8,0.05
0.075,0.3,0.225,1080,284,"e-RTb","default",0.25,50,100,0.275,0.0141200212464429,724,4.47785854928166,1000,0.8,0.05
0.075,0.3,0.225,1080,284,"e-RTe","default",0.25,30,50,0.031,0.00548078461536302,245,2.199016887468,1000,0.8,0.05
0.075,0.3,0.225,1080,284,"e-RTb","fixed_10_20",0.25,10,20,0.283,0.0142446832186609,655,4.18043857068462,1000,0.8,0.05
0.075,0.3,0.225,1080,284,"e-RTe","fixed_10_20",0.25,10,20,0.073,0.0082262385085773,233,2.36016237451114,1000,0.8,0.05
0.075,0.3,0.225,1080,284,"e-RTb","fixed_30_50",0.25,30,50,0.288,0.0143197765345692,668,4.18787155649846,1000,0.8,0.05
0.075,0.3,0.225,1080,284,"e-RTe","fixed_30_50",0.25,30,50,0.031,0.00548078461536302,245,2.199016887468,1000,0.8,0.05
0.075,0.3,0.225,1080,284,"e-RTb","proportional_5_10",0.25,54,108,0.271,0.014055568291606,724,4.36692542715728,1000,0.8,0.05
0.075,0.3,0.225,1080,284,"e-RTe","proportional_5_10",0.25,15,29,0.062,0.00762600813007697,241,2.33490109589483,1000,0.8,0.05
0.075,0.3,0.225,1080,284,"e-RTb","proportional_10_20",0.25,108,216,0.226,0.0132258837133857,812.5,3.99478827574881,1000,0.8,0.05
0.075,0.3,0.225,1080,284,"e-RTe","proportional_10_20",0.25,29,57,0.03,0.00539444158370447,246.5,2.17950178394485,1000,0.8,0.05
0.075,0.3,0.225,1080,284,"e-RTb","default",0.5,50,100,0.423,0.0156227718411299,567,4.22404793718276,1000,0.8,0.05
0.075,0.3,0.225,1080,284,"e-RTe","default",0.5,30,50,0.217,0.0130349913693872,202,3.51416843163724,1000,0.8,0.05
0.075,0.3,0.225,1080,284,"e-RTb","fixed_10_20",0.5,10,20,0.374,0.0153011110707687,557,2.79969299408104,1000,0.8,0.05
0.075,0.3,0.225,1080,284,"e-RTe","fixed_10_20",0.5,10,20,0.25,0.0136930639376292,178.5,3.73193945503023,1000,0.8,0.05
0.075,0.3,0.225,1080,284,"e-RTb","fixed_30_50",0.5,30,50,0.41,0.0155531347322654,540,3.84360673893216,1000,0.8,0.05
0.075,0.3,0.225,1080,284,"e-RTe","fixed_30_50",0.5,30,50,0.217,0.0130349913693872,202,3.51416843163724,1000,0.8,0.05
0.075,0.3,0.225,1080,284,"e-RTb","proportional_5_10",0.5,54,108,0.424,0.0156276677722557,571,4.32784148465614,1000,0.8,0.05
0.075,0.3,0.225,1080,284,"e-RTe","proportional_5_10",0.5,15,29,0.248,0.0136563538325572,186.5,3.7635217523269,1000,0.8,0.05
0.075,0.3,0.225,1080,284,"e-RTb","proportional_10_20",0.5,108,216,0.417,0.0155920171882922,655,4.26441654846625,1000,0.8,0.05
0.075,0.3,0.225,1080,284,"e-RTe","proportional_10_20",0.5,29,57,0.213,0.0129472390879291,205,3.46406241253805,1000,0.8,0.05
0.075,0.3,0.225,1080,284,"e-RTb","default",0.75,50,100,0.407,0.0155354755318271,457,0.916412636242084,1000,0.8,0.05
0.075,0.3,0.225,1080,284,"e-RTe","default",0.75,30,50,0.337,0.0149476085043729,189,4.10002185671352,1000,0.8,0.05
0.075,0.3,0.225,1080,284,"e-RTb","fixed_10_20",0.75,10,20,0.285,0.0142749781085647,444,0.231750170279931,1000,0.8,0.05
0.075,0.3,0.225,1080,284,"e-RTe","fixed_10_20",0.75,10,20,0.348,0.0150630674166984,165,3.8216285552497,1000,0.8,0.05
0.075,0.3,0.225,1080,284,"e-RTb","fixed_30_50",0.75,30,50,0.364,0.0152152555022911,428,0.551756022597147,1000,0.8,0.05
0.075,0.3,0.225,1080,284,"e-RTe","fixed_30_50",0.75,30,50,0.337,0.0149476085043729,189,4.10002185671352,1000,0.8,0.05
0.075,0.3,0.225,1080,284,"e-RTb","proportional_5_10",0.75,54,108,0.408,0.0155414285057713,472.5,0.997113283580899,1000,0.8,0.05
0.075,0.3,0.225,1080,284,"e-RTe","proportional_5_10",0.75,15,29,0.353,0.0151126106282138,172,4.10538236175835,1000,0.8,0.05
0.075,0.3,0.225,1080,284,"e-RTb","proportional_10_20",0.75,108,216,0.442,0.0157046489932122,562,1.53410973792136,1000,0.8,0.05
0.075,0.3,0.225,1080,284,"e-RTe","proportional_10_20",0.75,29,57,0.335,0.0149256490646136,187,4.08369828280158,1000,0.8,0.05
0.075,0.3,0.225,1080,284,"e-RTb","default",1,50,100,0.331,0.0148808265899445,382,0.0612073644273897,1000,0.8,0.05
0.075,0.3,0.225,1080,284,"e-RTe","default",1,30,50,0.386,0.015394934231753,173,3.72489009744609,1000,0.8,0.05
0.075,0.3,0.225,1080,284,"e-RTb","fixed_10_20",1,10,20,0.179,0.0121226647235663,297,0.00569691948671272,1000,0.8,0.05
0.075,0.3,0.225,1080,284,"e-RTe","fixed_10_20",1,10,20,0.387,0.015402305022301,157,2.57159731258397,1000,0.8,0.05
0.075,0.3,0.225,1080,284,"e-RTb","fixed_30_50",1,30,50,0.276,0.0141359117144951,358.5,0.0282183730567787,1000,0.8,0.05
0.075,0.3,0.225,1080,284,"e-RTe","fixed_30_50",1,30,50,0.386,0.015394934231753,173,3.72489009744609,1000,0.8,0.05
0.075,0.3,0.225,1080,284,"e-RTb","proportional_5_10",1,54,108,0.337,0.0149476085043729,397,0.0704686073573863,1000,0.8,0.05
0.075,0.3,0.225,1080,284,"e-RTe","proportional_5_10",1,15,29,0.388,0.0154096073927923,159,3.11251937920325,1000,0.8,0.05
0.075,0.3,0.225,1080,284,"e-RTb","proportional_10_20",1,108,216,0.392,0.015438134602341,473.5,0.206907838211163,1000,0.8,0.05
0.075,0.3,0.225,1080,284,"e-RTe","proportional_10_20",1,29,57,0.389,0.0154168414404508,174,3.67724906717933,1000,0.8,0.05
0.075,0.35,0.275,1198,375,"e-RTb","default",0.25,50,100,0.313,0.0146639353517397,799,5.28747088083175,1000,0.8,0.05
0.075,0.35,0.275,1198,375,"e-RTe","default",0.25,30,50,0.048,0.00675988165576883,282,2.04265893235968,1000,0.8,0.05
0.075,0.35,0.275,1198,375,"e-RTb","fixed_10_20",0.25,10,20,0.318,0.0147267104269759,747,4.77922218903088,1000,0.8,0.05
0.075,0.35,0.275,1198,375,"e-RTe","fixed_10_20",0.25,10,20,0.065,0.0077958322198467,266,2.20637523827783,1000,0.8,0.05
0.075,0.35,0.275,1198,375,"e-RTb","fixed_30_50",0.25,30,50,0.319,0.0147390298188178,768,5.15107540439827,1000,0.8,0.05
0.075,0.35,0.275,1198,375,"e-RTe","fixed_30_50",0.25,30,50,0.048,0.00675988165576883,282,2.04265893235968,1000,0.8,0.05
0.075,0.35,0.275,1198,375,"e-RTb","proportional_5_10",0.25,60,120,0.305,0.0145593612497252,803,5.20463630817143,1000,0.8,0.05
0.075,0.35,0.275,1198,375,"e-RTe","proportional_5_10",0.25,19,38,0.055,0.00720936890441875,268,2.11143972025854,1000,0.8,0.05
0.075,0.35,0.275,1198,375,"e-RTb","proportional_10_20",0.25,120,240,0.268,0.0140062843038402,872,4.67578766826558,1000,0.8,0.05
0.075,0.35,0.275,1198,375,"e-RTe","proportional_10_20",0.25,38,75,0.037,0.00596917079668525,306,1.98390255549051,1000,0.8,0.05
0.075,0.35,0.275,1198,375,"e-RTb","default",0.5,50,100,0.466,0.0157747900144503,671,5.16587177377483,1000,0.8,0.05
0.075,0.35,0.275,1198,375,"e-RTe","default",0.5,30,50,0.205,0.0127661662216971,246,3.01077473650908,1000,0.8,0.05
0.075,0.35,0.275,1198,375,"e-RTb","fixed_10_20",0.5,10,20,0.402,0.0155047089621186,626.5,2.86676031160823,1000,0.8,0.05
0.075,0.35,0.275,1198,375,"e-RTe","fixed_10_20",0.5,10,20,0.232,0.0133482583133531,205.5,3.20013142860752,1000,0.8,0.05
0.075,0.35,0.275,1198,375,"e-RTb","fixed_30_50",0.5,30,50,0.438,0.0156893594515519,662.5,4.14258695939074,1000,0.8,0.05
0.075,0.35,0.275,1198,375,"e-RTe","fixed_30_50",0.5,30,50,0.205,0.0127661662216971,246,3.01077473650908,1000,0.8,0.05
0.075,0.35,0.275,1198,375,"e-RTb","proportional_5_10",0.5,60,120,0.464,0.0157703519301251,670.5,5.49583368871342,1000,0.8,0.05
0.075,0.35,0.275,1198,375,"e-RTe","proportional_5_10",0.5,19,38,0.217,0.0130349913693872,216,3.10177367333386,1000,0.8,0.05
0.075,0.35,0.275,1198,375,"e-RTb","proportional_10_20",0.5,120,240,0.456,0.0157500476189756,735,5.91689776294594,1000,0.8,0.05
0.075,0.35,0.275,1198,375,"e-RTe","proportional_10_20",0.5,38,75,0.187,0.0123300851578568,262,2.93385976882166,1000,0.8,0.05
0.075,0.35,0.275,1198,375,"e-RTb","default",0.75,50,100,0.426,0.0156372631876553,548.5,0.910711181521372,1000,0.8,0.05
0.075,0.35,0.275,1198,375,"e-RTe","default",0.75,30,50,0.297,0.0144496020706454,217,3.11508080830054,1000,0.8,0.05
0.075,0.35,0.275,1198,375,"e-RTb","fixed_10_20",0.75,10,20,0.284,0.0142598737722323,460,0.172460212675917,1000,0.8,0.05
0.075,0.35,0.275,1198,375,"e-RTe","fixed_10_20",0.75,10,20,0.319,0.0147390298188178,177,2.93151587292053,1000,0.8,0.05
0.075,0.35,0.275,1198,375,"e-RTb","fixed_30_50",0.75,30,50,0.37,0.0152676127799994,562.5,0.520793143807852,1000,0.8,0.05
0.075,0.35,0.275,1198,375,"e-RTe","fixed_30_50",0.75,30,50,0.297,0.0144496020706454,217,3.11508080830054,1000,0.8,0.05
0.075,0.35,0.275,1198,375,"e-RTb","proportional_5_10",0.75,60,120,0.441,0.0157009235397157,548,1.06672224127434,1000,0.8,0.05
0.075,0.35,0.275,1198,375,"e-RTe","proportional_5_10",0.75,19,38,0.307,0.014585986425333,188,3.13931833486533,1000,0.8,0.05
0.075,0.35,0.275,1198,375,"e-RTb","proportional_10_20",0.75,120,240,0.464,0.0157703519301251,628,1.73287761190474,1000,0.8,0.05
0.075,0.35,0.275,1198,375,"e-RTe","proportional_10_20",0.75,38,75,0.287,0.0143049292203771,239,3.11481218950509,1000,0.8,0.05
0.075,0.35,0.275,1198,375,"e-RTb","default",1,50,100,0.327,0.0148347901906296,432,0.0419032559203746,1000,0.8,0.05
0.075,0.35,0.275,1198,375,"e-RTe","default",1,30,50,0.353,0.0151126106282138,204,2.34163371193573,1000,0.8,0.05
0.075,0.35,0.275,1198,375,"e-RTb","fixed_10_20",1,10,20,0.162,0.0116514376795312,195.5,0.00233946175321556,1000,0.8,0.05
0.075,0.35,0.275,1198,375,"e-RTe","fixed_10_20",1,10,20,0.334,0.0149145566477854,161,1.72761478135758,1000,0.8,0.05
0.075,0.35,0.275,1198,375,"e-RTb","fixed_30_50",1,30,50,0.266,0.0139729739139526,410.5,0.0182283434814069,1000,0.8,0.05
0.075,0.35,0.275,1198,375,"e-RTe","fixed_30_50",1,30,50,0.353,0.0151126106282138,204,2.34163371193573,1000,0.8,0.05
0.075,0.35,0.275,1198,375,"e-RTb","proportional_5_10",1,60,120,0.354,0.0151223014121528,433,0.0592556981764489,1000,0.8,0.05
0.075,0.35,0.275,1198,375,"e-RTe","proportional_5_10",1,19,38,0.361,0.0151881203577006,176,2.11826022344642,1000,0.8,0.05
0.075,0.35,0.275,1198,375,"e-RTb","proportional_10_20",1,120,240,0.415,0.0155812387184075,540,0.174611425194155,1000,0.8,0.05
0.075,0.35,0.275,1198,375,"e-RTe","proportional_10_20",1,38,75,0.343,0.0150116954405557,217,2.56392944965219,1000,0.8,0.05
0.075,0.4,0.325,1288,467,"e-RTb","default",0.25,50,100,0.372,0.0152845019545944,812,7.44918337627272,1000,0.8,0.05
0.075,0.4,0.325,1288,467,"e-RTe","default",0.25,30,50,0.047,0.00669260786241059,381,2.09577748872802,1000,0.8,0.05
0.075,0.4,0.325,1288,467,"e-RTb","fixed_10_20",0.25,10,20,0.381,0.0153570504980611,789,7.00102195547724,1000,0.8,0.05
0.075,0.4,0.325,1288,467,"e-RTe","fixed_10_20",0.25,10,20,0.073,0.0082262385085773,347,2.18765480424971,1000,0.8,0.05
0.075,0.4,0.325,1288,467,"e-RTb","fixed_30_50",0.25,30,50,0.382,0.015364764885933,793,7.48898645464244,1000,0.8,0.05
0.075,0.4,0.325,1288,467,"e-RTe","fixed_30_50",0.25,30,50,0.047,0.00669260786241059,381,2.09577748872802,1000,0.8,0.05
0.075,0.4,0.325,1288,467,"e-RTb","proportional_5_10",0.25,65,129,0.367,0.0152417518678136,826,7.59613345619615,1000,0.8,0.05
0.075,0.4,0.325,1288,467,"e-RTe","proportional_5_10",0.25,24,47,0.054,0.00714730718522718,381,2.10471188252369,1000,0.8,0.05
0.075,0.4,0.325,1288,467,"e-RTb","proportional_10_20",0.25,129,258,0.313,0.0146639353517397,903,6.54664481420087,1000,0.8,0.05
0.075,0.4,0.325,1288,467,"e-RTe","proportional_10_20",0.25,47,94,0.031,0.00548078461536302,412,2.06452725482865,1000,0.8,0.05
0.075,0.4,0.325,1288,467,"e-RTb","default",0.5,50,100,0.518,0.0158011391994375,683.5,7.27671673158798,1000,0.8,0.05
0.075,0.4,0.325,1288,467,"e-RTe","default",0.5,30,50,0.227,0.0132465467198059,305,3.25499630695321,1000,0.8,0.05
0.075,0.4,0.325,1288,467,"e-RTb","fixed_10_20",0.5,10,20,0.452,0.0157383607786834,615.5,4.26473938713067,1000,0.8,0.05
0.075,0.4,0.325,1288,467,"e-RTe","fixed_10_20",0.5,10,20,0.251,0.0137112727345057,270,3.04913348233029,1000,0.8,0.05
0.075,0.4,0.325,1288,467,"e-RTb","fixed_30_50",0.5,30,50,0.496,0.0158108823283206,675,6.4872920397488,1000,0.8,0.05
0.075,0.4,0.325,1288,467,"e-RTe","fixed_30_50",0.5,30,50,0.227,0.0132465467198059,305,3.25499630695321,1000,0.8,0.05
0.075,0.4,0.325,1288,467,"e-RTb","proportional_5_10",0.5,65,129,0.531,0.0157809695519635,709,7.99783802327026,1000,0.8,0.05
0.075,0.4,0.325,1288,467,"e-RTe","proportional_5_10",0.5,24,47,0.234,0.0133882037630147,303.5,3.23184395810626,1000,0.8,0.05
0.075,0.4,0.325,1288,467,"e-RTb","proportional_10_20",0.5,129,258,0.529,0.0157847711418316,788,8.29850468257052,1000,0.8,0.05
0.075,0.4,0.325,1288,467,"e-RTe","proportional_10_20",0.5,47,94,0.197,0.0125774003673255,335,3.25458232447986,1000,0.8,0.05
0.075,0.4,0.325,1288,467,"e-RTb","default",0.75,50,100,0.477,0.0157946509932952,602,0.900960825319835,1000,0.8,0.05
0.075,0.4,0.325,1288,467,"e-RTe","default",0.75,30,50,0.319,0.0147390298188178,279,3.59559416490246,1000,0.8,0.05
0.075,0.4,0.325,1288,467,"e-RTb","fixed_10_20",0.75,10,20,0.314,0.0146766481186952,488,0.167633471513376,1000,0.8,0.05
0.075,0.4,0.325,1288,467,"e-RTe","fixed_10_20",0.75,10,20,0.314,0.0146766481186952,232.5,2.84933645841668,1000,0.8,0.05
0.075,0.4,0.325,1288,467,"e-RTb","fixed_30_50",0.75,30,50,0.422,0.015617810345884,500,0.520477374602366,1000,0.8,0.05
0.075,0.4,0.325,1288,467,"e-RTe","fixed_30_50",0.75,30,50,0.319,0.0147390298188178,279,3.59559416490246,1000,0.8,0.05
0.075,0.4,0.325,1288,467,"e-RTb","proportional_5_10",0.75,65,129,0.486,0.0158051890213309,621.5,1.15805347057658,1000,0.8,0.05
0.075,0.4,0.325,1288,467,"e-RTe","proportional_5_10",0.75,24,47,0.319,0.0147390298188178,269,3.49583776249587,1000,0.8,0.05
0.075,0.4,0.325,1288,467,"e-RTb","proportional_10_20",0.75,129,258,0.531,0.0157809695519635,674,2.14759364343725,1000,0.8,0.05
0.075,0.4,0.325,1288,467,"e-RTe","proportional_10_20",0.75,47,94,0.299,0.0144775343204566,309,3.69993603487173,1000,0.8,0.05
0.075,0.4,0.325,1288,467,"e-RTb","default",1,50,100,0.346,0.0150427391122761,416.5,0.0287060052529572,1000,0.8,0.05
0.075,0.4,0.325,1288,467,"e-RTe","default",1,30,50,0.359,0.0151696736945789,253,2.74529140017013,1000,0.8,0.05
0.075,0.4,0.325,1288,467,"e-RTb","fixed_10_20",1,10,20,0.156,0.0114744934528719,198.5,0.0010139015462261,1000,0.8,0.05
0.075,0.4,0.325,1288,467,"e-RTe","fixed_10_20",1,10,20,0.328,0.0148464137083674,215,1.78486083432179,1000,0.8,0.05
0.075,0.4,0.325,1288,467,"e-RTb","fixed_30_50",1,30,50,0.282,0.0142294061717276,330.5,0.0083550107451057,1000,0.8,0.05
0.075,0.4,0.325,1288,467,"e-RTe","fixed_30_50",1,30,50,0.359,0.0151696736945789,253,2.74529140017013,1000,0.8,0.05
0.075,0.4,0.325,1288,467,"e-RTb","proportional_5_10",1,65,129,0.378,0.0153334927527945,464,0.0517525977885447,1000,0.8,0.05
0.075,0.4,0.325,1288,467,"e-RTe","proportional_5_10",1,24,47,0.353,0.0151126106282138,252,2.69499434695673,1000,0.8,0.05
0.075,0.4,0.325,1288,467,"e-RTb","proportional_10_20",1,129,258,0.45,0.0157321327225523,594.5,0.172435208635233,1000,0.8,0.05
0.075,0.4,0.325,1288,467,"e-RTe","proportional_10_20",1,47,94,0.366,0.0152329905140127,291,2.84244733938225,1000,0.8,0.05
0.1,0.15,0.05,282,29,"e-RTb","default",0.25,50,100,0.018,0.00420428352992516,230,1.78832801950241,1000,0.8,0.05
0.1,0.15,0.05,282,29,"e-RTe","default",0.25,30,50,0,0,NA,1,1000,0.8,0.05
0.1,0.15,0.05,282,29,"e-RTb","fixed_10_20",0.25,10,20,0.065,0.0077958322198467,199,2.08048930700401,1000,0.8,0.05
0.1,0.15,0.05,282,29,"e-RTe","fixed_10_20",0.25,10,20,0,0,NA,1.56022932218298,1000,0.8,0.05
0.1,0.15,0.05,282,29,"e-RTb","fixed_30_50",0.25,30,50,0.037,0.00596917079668525,226,1.98235430517069,1000,0.8,0.05
0.1,0.15,0.05,282,29,"e-RTe","fixed_30_50",0.25,30,50,0,0,NA,1,1000,0.8,0.05
0.1,0.15,0.05,282,29,"e-RTb","proportional_5_10",0.25,15,29,0.055,0.00720936890441875,205,2.12142911520242,1000,0.8,0.05
0.1,0.15,0.05,282,29,"e-RTe","proportional_5_10",0.25,2,3,0.082,0.00867617427210865,25,3.41853389002144,1000,0.8,0.05
0.1,0.15,0.05,282,29,"e-RTb","proportional_10_20",0.25,29,57,0.036,0.00589101010014412,226,2.00531804778602,1000,0.8,0.05
0.1,0.15,0.05,282,29,"e-RTe","proportional_10_20",0.25,3,6,0.057,0.00733150734842433,27,3.05229934777506,1000,0.8,0.05
0.1,0.15,0.05,282,29,"e-RTb","default",0.5,50,100,0.135,0.0108062481925967,231,2.0094790960213,1000,0.8,0.05
0.1,0.15,0.05,282,29,"e-RTe","default",0.5,30,50,0,0,NA,1,1000,0.8,0.05
0.1,0.15,0.05,282,29,"e-RTb","fixed_10_20",0.5,10,20,0.208,0.0128349522788361,185,2.02428018769778,1000,0.8,0.05
0.1,0.15,0.05,282,29,"e-RTe","fixed_10_20",0.5,10,20,0.034,0.00573096850453743,32,2.24669560663958,1000,0.8,0.05
0.1,0.15,0.05,282,29,"e-RTb","fixed_30_50",0.5,30,50,0.185,0.0122790471943062,199,2.18215394394399,1000,0.8,0.05
0.1,0.15,0.05,282,29,"e-RTe","fixed_30_50",0.5,30,50,0,0,NA,1,1000,0.8,0.05
0.1,0.15,0.05,282,29,"e-RTb","proportional_5_10",0.5,15,29,0.209,0.0128576436410409,189,2.14462238199946,1000,0.8,0.05
0.1,0.15,0.05,282,29,"e-RTe","proportional_5_10",0.5,2,3,0.344,0.0150221170279026,20,7.47035923149951,1000,0.8,0.05
0.1,0.15,0.05,282,29,"e-RTb","proportional_10_20",0.5,29,57,0.179,0.0121226647235663,201,2.19358986183208,1000,0.8,0.05
0.1,0.15,0.05,282,29,"e-RTe","proportional_10_20",0.5,3,6,0.304,0.0145459272650457,22,6.24490774541536,1000,0.8,0.05
0.1,0.15,0.05,282,29,"e-RTb","default",0.75,50,100,0.225,0.0132051126462443,201,1.55075257922927,1000,0.8,0.05
0.1,0.15,0.05,282,29,"e-RTe","default",0.75,30,50,0,0,NA,1,1000,0.8,0.05
0.1,0.15,0.05,282,29,"e-RTb","fixed_10_20",0.75,10,20,0.237,0.0134473417447464,146,0.917969468918662,1000,0.8,0.05
0.1,0.15,0.05,282,29,"e-RTe","fixed_10_20",0.75,10,20,0.119,0.0102390917565964,29,2.95594394552362,1000,0.8,0.05
0.1,0.15,0.05,282,29,"e-RTb","fixed_30_50",0.75,30,50,0.248,0.0136563538325572,175.5,1.38443784729414,1000,0.8,0.05
0.1,0.15,0.05,282,29,"e-RTe","fixed_30_50",0.75,30,50,0,0,NA,1,1000,0.8,0.05
0.1,0.15,0.05,282,29,"e-RTb","proportional_5_10",0.75,15,29,0.253,0.0137473997541353,164,1.08835109447059,1000,0.8,0.05
0.1,0.15,0.05,282,29,"e-RTe","proportional_5_10",0.75,2,3,0.468,0.0157789733506334,18,9.67667650095242,1000,0.8,0.05
0.1,0.15,0.05,282,29,"e-RTb","proportional_10_20",0.75,29,57,0.245,0.0136005514594078,177,1.40505922204323,1000,0.8,0.05
0.1,0.15,0.05,282,29,"e-RTe","proportional_10_20",0.75,3,6,0.432,0.0156644821171975,19,8.98629591145172,1000,0.8,0.05
0.1,0.15,0.05,282,29,"e-RTb","default",1,50,100,0.255,0.0137831418769452,192,0.82040473528048,1000,0.8,0.05
0.1,0.15,0.05,282,29,"e-RTe","default",1,30,50,0,0,NA,1,1000,0.8,0.05
0.1,0.15,0.05,282,29,"e-RTb","fixed_10_20",1,10,20,0.228,0.0132671021704063,122,0.2191156466436,1000,0.8,0.05
0.1,0.15,0.05,282,29,"e-RTe","fixed_10_20",1,10,20,0.21,0.0128802173894698,28,3.4263974450579,1000,0.8,0.05
0.1,0.15,0.05,282,29,"e-RTb","fixed_30_50",1,30,50,0.25,0.0136930639376292,160.5,0.491438200027198,1000,0.8,0.05
0.1,0.15,0.05,282,29,"e-RTe","fixed_30_50",1,30,50,0,0,NA,1,1000,0.8,0.05
0.1,0.15,0.05,282,29,"e-RTb","proportional_5_10",1,15,29,0.238,0.0134668481835951,129,0.288790574030268,1000,0.8,0.05
0.1,0.15,0.05,282,29,"e-RTe","proportional_5_10",1,2,3,0.42,0.0156076904121013,15,2.82012549964828,1000,0.8,0.05
0.1,0.15,0.05,282,29,"e-RTb","proportional_10_20",1,29,57,0.254,0.0137653187394989,161,0.511382482059404,1000,0.8,0.05
0.1,0.15,0.05,282,29,"e-RTe","proportional_10_20",1,3,6,0.467,0.0157769135131052,17,5.84227100234341,1000,0.8,0.05
0.1,0.2,0.1,398,60,"e-RTb","default",0.25,50,100,0.072,0.00817410545564467,333.5,2.20744786895866,1000,0.8,0.05
0.1,0.2,0.1,398,60,"e-RTe","default",0.25,30,50,0,0,NA,1.2306935162976,1000,0.8,0.05
0.1,0.2,0.1,398,60,"e-RTb","fixed_10_20",0.25,10,20,0.124,0.0104222838188182,262.5,2.39954272596428,1000,0.8,0.05
0.1,0.2,0.1,398,60,"e-RTe","fixed_10_20",0.25,10,20,0.016,0.00396787096564392,60.5,2.18577945646106,1000,0.8,0.05
0.1,0.2,0.1,398,60,"e-RTb","fixed_30_50",0.25,30,50,0.102,0.00957057991973318,288.5,2.46212420793117,1000,0.8,0.05
0.1,0.2,0.1,398,60,"e-RTe","fixed_30_50",0.25,30,50,0,0,NA,1.2306935162976,1000,0.8,0.05
0.1,0.2,0.1,398,60,"e-RTb","proportional_5_10",0.25,20,40,0.116,0.0101264011376204,275.5,2.4744196834559,1000,0.8,0.05
0.1,0.2,0.1,398,60,"e-RTe","proportional_5_10",0.25,3,6,0.076,0.00837997613361757,51.5,2.82269771498925,1000,0.8,0.05
0.1,0.2,0.1,398,60,"e-RTb","proportional_10_20",0.25,40,80,0.082,0.00867617427210865,313,2.30500410631868,1000,0.8,0.05
0.1,0.2,0.1,398,60,"e-RTe","proportional_10_20",0.25,6,12,0.049,0.00682634602111554,55,2.56829204836558,1000,0.8,0.05
0.1,0.2,0.1,398,60,"e-RTb","default",0.5,50,100,0.222,0.0131421459434904,280.5,2.35753005677771,1000,0.8,0.05
0.1,0.2,0.1,398,60,"e-RTe","default",0.5,30,50,0.002,0.00141279864099595,71.5,1.47079421971887,1000,0.8,0.05
0.1,0.2,0.1,398,60,"e-RTb","fixed_10_20",0.5,10,20,0.247,0.0136378517369856,227,1.98284755403171,1000,0.8,0.05
0.1,0.2,0.1,398,60,"e-RTe","fixed_10_20",0.5,10,20,0.202,0.0126962986732354,50,3.81371141778249,1000,0.8,0.05
0.1,0.2,0.1,398,60,"e-RTb","fixed_30_50",0.5,30,50,0.26,0.0138708327075198,252,2.34087456216365,1000,0.8,0.05
0.1,0.2,0.1,398,60,"e-RTe","fixed_30_50",0.5,30,50,0.002,0.00141279864099595,71.5,1.47079421971887,1000,0.8,0.05
0.1,0.2,0.1,398,60,"e-RTb","proportional_5_10",0.5,20,40,0.262,0.0139052508067996,243,2.16958190064561,1000,0.8,0.05
0.1,0.2,0.1,398,60,"e-RTe","proportional_5_10",0.5,3,6,0.299,0.0144775343204566,40,5.17097758997569,1000,0.8,0.05
0.1,0.2,0.1,398,60,"e-RTb","proportional_10_20",0.5,40,80,0.241,0.0135247550809617,267,2.52792832978601,1000,0.8,0.05
0.1,0.2,0.1,398,60,"e-RTe","proportional_10_20",0.5,6,12,0.253,0.0137473997541353,44,4.55281860499333,1000,0.8,0.05
0.1,0.2,0.1,398,60,"e-RTb","default",0.75,50,100,0.295,0.0144213383567546,245,1.31967416395462,1000,0.8,0.05
0.1,0.2,0.1,398,60,"e-RTe","default",0.75,30,50,0.01,0.00314642654451045,67,1.69142633230077,1000,0.8,0.05
0.1,0.2,0.1,398,60,"e-RTb","fixed_10_20",0.75,10,20,0.251,0.0137112727345057,188,0.594499106474149,1000,0.8,0.05
0.1,0.2,0.1,398,60,"e-RTe","fixed_10_20",0.75,10,20,0.31,0.0146253205093085,44,5.19233243401579,1000,0.8,0.05
0.1,0.2,0.1,398,60,"e-RTb","fixed_30_50",0.75,30,50,0.294,0.0144070815920505,209,0.947886703126391,1000,0.8,0.05
0.1,0.2,0.1,398,60,"e-RTe","fixed_30_50",0.75,30,50,0.01,0.00314642654451045,67,1.69142633230077,1000,0.8,0.05
0.1,0.2,0.1,398,60,"e-RTb","proportional_5_10",0.75,20,40,0.289,0.0143345387090063,197,0.851179155753992,1000,0.8,0.05
0.1,0.2,0.1,398,60,"e-RTe","proportional_5_10",0.75,3,6,0.389,0.0154168414404508,36,6.03113201100112,1000,0.8,0.05
0.1,0.2,0.1,398,60,"e-RTb","proportional_10_20",0.75,40,80,0.309,0.0146122893483533,231,1.17449515555721,1000,0.8,0.05
0.1,0.2,0.1,398,60,"e-RTe","proportional_10_20",0.75,6,12,0.37,0.0152676127799994,40,5.73058314760365,1000,0.8,0.05
0.1,0.2,0.1,398,60,"e-RTb","default",1,50,100,0.31,0.0146253205093085,220,0.415179956776015,1000,0.8,0.05
0.1,0.2,0.1,398,60,"e-RTe","default",1,30,50,0.027,0.00512552436341883,65,1.90927833140664,1000,0.8,0.05
0.1,0.2,0.1,398,60,"e-RTb","fixed_10_20",1,10,20,0.201,0.0126727660753286,140,0.0603544674879571,1000,0.8,0.05
0.1,0.2,0.1,398,60,"e-RTe","fixed_10_20",1,10,20,0.396,0.0154655746740947,42,5.0312123935699,1000,0.8,0.05
0.1,0.2,0.1,398,60,"e-RTb","fixed_30_50",1,30,50,0.258,0.0138360398958662,176,0.20018253173774,1000,0.8,0.05
0.1,0.2,0.1,398,60,"e-RTe","fixed_30_50",1,30,50,0.027,0.00512552436341883,65,1.90927833140664,1000,0.8,0.05
0.1,0.2,0.1,398,60,"e-RTb","proportional_5_10",1,20,40,0.239,0.0134862522592453,160,0.140531586581279,1000,0.8,0.05
0.1,0.2,0.1,398,60,"e-RTe","proportional_5_10",1,3,6,0.4,0.0154919333848297,33,3.89021747127986,1000,0.8,0.05
0.1,0.2,0.1,398,60,"e-RTb","proportional_10_20",1,40,80,0.293,0.0143927412260486,198,0.33601304895926,1000,0.8,0.05
0.1,0.2,0.1,398,60,"e-RTe","proportional_10_20",1,6,12,0.419,0.0156025318458255,37,5.22439251713237,1000,0.8,0.05
0.1,0.25,0.15,500,100,"e-RTb","default",0.25,50,100,0.157,0.0115043904662524,380,3.44546906998352,1000,0.8,0.05
0.1,0.25,0.15,500,100,"e-RTe","default",0.25,30,50,0,0,NA,1.72618187567986,1000,0.8,0.05
0.1,0.25,0.15,500,100,"e-RTb","fixed_10_20",0.25,10,20,0.214,0.0129693484801666,342.5,3.69446482300496,1000,0.8,0.05
0.1,0.25,0.15,500,100,"e-RTe","fixed_10_20",0.25,10,20,0.04,0.00619677335393187,91,2.43480006436004,1000,0.8,0.05
0.1,0.25,0.15,500,100,"e-RTb","fixed_30_50",0.25,30,50,0.19,0.0124056438768812,351.5,3.62508345757214,1000,0.8,0.05
0.1,0.25,0.15,500,100,"e-RTe","fixed_30_50",0.25,30,50,0,0,NA,1.72618187567986,1000,0.8,0.05
0.1,0.25,0.15,500,100,"e-RTb","proportional_5_10",0.25,25,50,0.194,0.0125045591685593,356,3.66820729078664,1000,0.8,0.05
0.1,0.25,0.15,500,100,"e-RTe","proportional_5_10",0.25,5,10,0.069,0.00801492358042171,85,2.60714443374246,1000,0.8,0.05
0.1,0.25,0.15,500,100,"e-RTb","proportional_10_20",0.25,50,100,0.157,0.0115043904662524,380,3.44546906998352,1000,0.8,0.05
0.1,0.25,0.15,500,100,"e-RTe","proportional_10_20",0.25,10,20,0.04,0.00619677335393187,91,2.43480006436004,1000,0.8,0.05
0.1,0.25,0.15,500,100,"e-RTb","default",0.5,50,100,0.371,0.0152760924322943,339,4.2505159241364,1000,0.8,0.05
0.1,0.25,0.15,500,100,"e-RTe","default",0.5,30,50,0.06,0.00750999334220743,96,2.49421414024555,1000,0.8,0.05
0.1,0.25,0.15,500,100,"e-RTb","fixed_10_20",0.5,10,20,0.366,0.0152329905140127,275.5,3.19876400182202,1000,0.8,0.05
0.1,0.25,0.15,500,100,"e-RTe","fixed_10_20",0.5,10,20,0.225,0.0132051126462443,76,4.19917899040829,1000,0.8,0.05
0.1,0.25,0.15,500,100,"e-RTb","fixed_30_50",0.5,30,50,0.387,0.015402305022301,310,4.06998248811042,1000,0.8,0.05
0.1,0.25,0.15,500,100,"e-RTe","fixed_30_50",0.5,30,50,0.06,0.00750999334220743,96,2.49421414024555,1000,0.8,0.05
0.1,0.25,0.15,500,100,"e-RTb","proportional_5_10",0.5,25,50,0.385,0.0153874949228261,310,3.91147933540437,1000,0.8,0.05
0.1,0.25,0.15,500,100,"e-RTe","proportional_5_10",0.5,5,10,0.261,0.0138880884213775,70,4.53580467281019,1000,0.8,0.05
0.1,0.25,0.15,500,100,"e-RTb","proportional_10_20",0.5,50,100,0.371,0.0152760924322943,339,4.2505159241364,1000,0.8,0.05
0.1,0.25,0.15,500,100,"e-RTe","proportional_10_20",0.5,10,20,0.225,0.0132051126462443,76,4.19917899040829,1000,0.8,0.05
0.1,0.25,0.15,500,100,"e-RTb","default",0.75,50,100,0.414,0.0155757503832079,284,1.9593860619499,1000,0.8,0.05
0.1,0.25,0.15,500,100,"e-RTe","default",0.75,30,50,0.158,0.0115341232870123,88,3.16945649490785,1000,0.8,0.05
0.1,0.25,0.15,500,100,"e-RTb","fixed_10_20",0.75,10,20,0.328,0.0148464137083674,230,0.75759560201461,1000,0.8,0.05
0.1,0.25,0.15,500,100,"e-RTe","fixed_10_20",0.75,10,20,0.366,0.0152329905140127,71,5.55896227198983,1000,0.8,0.05
0.1,0.25,0.15,500,100,"e-RTb","fixed_30_50",0.75,30,50,0.395,0.0154588162548107,256,1.39256427082657,1000,0.8,0.05
0.1,0.25,0.15,500,100,"e-RTe","fixed_30_50",0.75,30,50,0.158,0.0115341232870123,88,3.16945649490785,1000,0.8,0.05
0.1,0.25,0.15,500,100,"e-RTb","proportional_5_10",0.75,25,50,0.386,0.015394934231753,254.5,1.39990132986501,1000,0.8,0.05
0.1,0.25,0.15,500,100,"e-RTe","proportional_5_10",0.75,5,10,0.381,0.0153570504980611,63,5.23694964640003,1000,0.8,0.05
0.1,0.25,0.15,500,100,"e-RTb","proportional_10_20",0.75,50,100,0.414,0.0155757503832079,284,1.9593860619499,1000,0.8,0.05
0.1,0.25,0.15,500,100,"e-RTe","proportional_10_20",0.75,10,20,0.366,0.0152329905140127,71,5.55896227198983,1000,0.8,0.05
0.1,0.25,0.15,500,100,"e-RTb","default",1,50,100,0.385,0.0153874949228261,244,0.376540231623918,1000,0.8,0.05
0.1,0.25,0.15,500,100,"e-RTe","default",1,30,50,0.252,0.013729384545565,85,3.46913438253411,1000,0.8,0.05
0.1,0.25,0.15,500,100,"e-RTb","fixed_10_20",1,10,20,0.251,0.0137112727345057,164,0.0404238317511167,1000,0.8,0.05
0.1,0.25,0.15,500,100,"e-RTe","fixed_10_20",1,10,20,0.434,0.0156730341670016,65,4.85373845352811,1000,0.8,0.05
0.1,0.25,0.15,500,100,"e-RTb","fixed_30_50",1,30,50,0.327,0.0148347901906296,228,0.171374025492475,1000,0.8,0.05
0.1,0.25,0.15,500,100,"e-RTe","fixed_30_50",1,30,50,0.252,0.013729384545565,85,3.46913438253411,1000,0.8,0.05
0.1,0.25,0.15,500,100,"e-RTb","proportional_5_10",1,25,50,0.322,0.0147755202954075,219.5,0.156092002435874,1000,0.8,0.05
0.1,0.25,0.15,500,100,"e-RTe","proportional_5_10",1,5,10,0.42,0.0156076904121013,59.5,3.87815916048152,1000,0.8,0.05
0.1,0.25,0.15,500,100,"e-RTb","proportional_10_20",1,50,100,0.385,0.0153874949228261,244,0.376540231623918,1000,0.8,0.05
0.1,0.25,0.15,500,100,"e-RTe","proportional_10_20",1,10,20,0.434,0.0156730341670016,65,4.85373845352811,1000,0.8,0.05
0.1,0.3,0.2,588,148,"e-RTb","default",0.25,50,100,0.231,0.0133281281506444,431,3.98105607921848,1000,0.8,0.05
0.1,0.3,0.2,588,148,"e-RTe","default",0.25,30,50,0.018,0.00420428352992516,138.5,1.97699807998312,1000,0.8,0.05
0.1,0.3,0.2,588,148,"e-RTb","fixed_10_20",0.25,10,20,0.263,0.0139223202089307,381,4.05949392808637,1000,0.8,0.05
0.1,0.3,0.2,588,148,"e-RTe","fixed_10_20",0.25,10,20,0.054,0.00714730718522718,120,2.50492261493617,1000,0.8,0.05
0.1,0.3,0.2,588,148,"e-RTb","fixed_30_50",0.25,30,50,0.25,0.0136930639376292,424,4.35090129455572,1000,0.8,0.05
0.1,0.3,0.2,588,148,"e-RTe","fixed_30_50",0.25,30,50,0.018,0.00420428352992516,138.5,1.97699807998312,1000,0.8,0.05
0.1,0.3,0.2,588,148,"e-RTb","proportional_5_10",0.25,30,59,0.247,0.0136378517369856,427,4.34729100384452,1000,0.8,0.05
0.1,0.3,0.2,588,148,"e-RTe","proportional_5_10",0.25,8,15,0.06,0.00750999334220743,114.5,2.52413084202703,1000,0.8,0.05
0.1,0.3,0.2,588,148,"e-RTb","proportional_10_20",0.25,59,118,0.216,0.0130132240432569,431.5,3.95480096184223,1000,0.8,0.05
0.1,0.3,0.2,588,148,"e-RTe","proportional_10_20",0.25,15,30,0.041,0.00627048642451285,125,2.35360943863468,1000,0.8,0.05
0.1,0.3,0.2,588,148,"e-RTb","default",0.5,50,100,0.424,0.0156276677722557,379,4.50193003392238,1000,0.8,0.05
0.1,0.3,0.2,588,148,"e-RTe","default",0.5,30,50,0.151,0.0113224997240009,126,3.12298635549052,1000,0.8,0.05
0.1,0.3,0.2,588,148,"e-RTb","fixed_10_20",0.5,10,20,0.398,0.0154788888490098,338,3.35961101639325,1000,0.8,0.05
0.1,0.3,0.2,588,148,"e-RTe","fixed_10_20",0.5,10,20,0.279,0.0141830532678969,105,4.37788647867738,1000,0.8,0.05
0.1,0.3,0.2,588,148,"e-RTb","fixed_30_50",0.5,30,50,0.41,0.0155531347322654,353,4.0104619370934,1000,0.8,0.05
0.1,0.3,0.2,588,148,"e-RTe","fixed_30_50",0.5,30,50,0.151,0.0113224997240009,126,3.12298635549052,1000,0.8,0.05
0.1,0.3,0.2,588,148,"e-RTb","proportional_5_10",0.5,30,59,0.416,0.0155866609637857,360.5,4.037043082779,1000,0.8,0.05
0.1,0.3,0.2,588,148,"e-RTe","proportional_5_10",0.5,8,15,0.282,0.0142294061717276,101.5,4.46617831578164,1000,0.8,0.05
0.1,0.3,0.2,588,148,"e-RTb","proportional_10_20",0.5,59,118,0.413,0.0155701958882989,384,4.68593011481957,1000,0.8,0.05
0.1,0.3,0.2,588,148,"e-RTe","proportional_10_20",0.5,15,30,0.249,0.0136747577675073,111,4.00679226156844,1000,0.8,0.05
0.1,0.3,0.2,588,148,"e-RTb","default",0.75,50,100,0.419,0.0156025318458255,323,1.53735754102019,1000,0.8,0.05
0.1,0.3,0.2,588,148,"e-RTe","default",0.75,30,50,0.292,0.0143783170086071,118,3.81623409948442,1000,0.8,0.05
0.1,0.3,0.2,588,148,"e-RTb","fixed_10_20",0.75,10,20,0.319,0.0147390298188178,278,0.440854430185146,1000,0.8,0.05
0.1,0.3,0.2,588,148,"e-RTe","fixed_10_20",0.75,10,20,0.398,0.0154788888490098,93,5.02860952490691,1000,0.8,0.05
0.1,0.3,0.2,588,148,"e-RTb","fixed_30_50",0.75,30,50,0.387,0.015402305022301,301,0.969563116781151,1000,0.8,0.05
0.1,0.3,0.2,588,148,"e-RTe","fixed_30_50",0.75,30,50,0.292,0.0143783170086071,118,3.81623409948442,1000,0.8,0.05
0.1,0.3,0.2,588,148,"e-RTb","proportional_5_10",0.75,30,59,0.394,0.0154519901630826,301,1.02723428112066,1000,0.8,0.05
0.1,0.3,0.2,588,148,"e-RTe","proportional_5_10",0.75,8,15,0.4,0.0154919333848297,91,4.98051336131003,1000,0.8,0.05
0.1,0.3,0.2,588,148,"e-RTb","proportional_10_20",0.75,59,118,0.426,0.0156372631876553,328,1.76410154563933,1000,0.8,0.05
0.1,0.3,0.2,588,148,"e-RTe","proportional_10_20",0.75,15,30,0.383,0.0153724103510152,98,4.73387853613949,1000,0.8,0.05
0.1,0.3,0.2,588,148,"e-RTb","default",1,50,100,0.377,0.0153255016231117,279,0.211384312484529,1000,0.8,0.05
0.1,0.3,0.2,588,148,"e-RTe","default",1,30,50,0.375,0.0153093108923949,105,3.48487069626906,1000,0.8,0.05
0.1,0.3,0.2,588,148,"e-RTb","fixed_10_20",1,10,20,0.219,0.0130781879478772,196,0.0148741364780775,1000,0.8,0.05
0.1,0.3,0.2,588,148,"e-RTe","fixed_10_20",1,10,20,0.439,0.0156932788161047,87,3.79891974721331,1000,0.8,0.05
0.1,0.3,0.2,588,148,"e-RTb","fixed_30_50",1,30,50,0.322,0.0147755202954075,237.5,0.0791828506998181,1000,0.8,0.05
0.1,0.3,0.2,588,148,"e-RTe","fixed_30_50",1,30,50,0.375,0.0153093108923949,105,3.48487069626906,1000,0.8,0.05
0.1,0.3,0.2,588,148,"e-RTb","proportional_5_10",1,30,59,0.332,0.0148921455808087,254.5,0.0928083707052619,1000,0.8,0.05
0.1,0.3,0.2,588,148,"e-RTe","proportional_5_10",1,8,15,0.437,0.0156853753541316,83,3.51866900187385,1000,0.8,0.05
0.1,0.3,0.2,588,148,"e-RTb","proportional_10_20",1,59,118,0.387,0.015402305022301,289,0.2709701754241,1000,0.8,0.05
0.1,0.3,0.2,588,148,"e-RTe","proportional_10_20",1,15,30,0.432,0.0156644821171975,91,3.79803209055673,1000,0.8,0.05
0.1,0.35,0.25,658,198,"e-RTb","default",0.25,50,100,0.274,0.0141040419738457,472.5,4.86352964124066,1000,0.8,0.05
0.1,0.35,0.25,658,198,"e-RTe","default",0.25,30,50,0.021,0.00453420334788814,182,1.93664415280098,1000,0.8,0.05
0.1,0.35,0.25,658,198,"e-RTb","fixed_10_20",0.25,10,20,0.315,0.0146892818068141,411,5.32176131356735,1000,0.8,0.05
0.1,0.35,0.25,658,198,"e-RTe","fixed_10_20",0.25,10,20,0.051,0.00695693898205238,149,2.27363753224947,1000,0.8,0.05
0.1,0.35,0.25,658,198,"e-RTb","fixed_30_50",0.25,30,50,0.305,0.0145593612497252,437,5.32970632813057,1000,0.8,0.05
0.1,0.35,0.25,658,198,"e-RTe","fixed_30_50",0.25,30,50,0.021,0.00453420334788814,182,1.93664415280098,1000,0.8,0.05
0.1,0.35,0.25,658,198,"e-RTb","proportional_5_10",0.25,33,66,0.292,0.0143783170086071,455,5.10584648580114,1000,0.8,0.05
0.1,0.35,0.25,658,198,"e-RTe","proportional_5_10",0.25,10,20,0.051,0.00695693898205238,149,2.27363753224947,1000,0.8,0.05
0.1,0.35,0.25,658,198,"e-RTb","proportional_10_20",0.25,66,132,0.257,0.0138185020895899,491,4.52853116208406,1000,0.8,0.05
0.1,0.35,0.25,658,198,"e-RTe","proportional_10_20",0.25,20,40,0.029,0.00530650544143695,166,2.05055104003069,1000,0.8,0.05
0.1,0.35,0.25,658,198,"e-RTb","default",0.5,50,100,0.459,0.0157581407532742,396,4.61975257550634,1000,0.8,0.05
0.1,0.35,0.25,658,198,"e-RTe","default",0.5,30,50,0.167,0.01179453263169,155,2.8204842906998,1000,0.8,0.05
0.1,0.35,0.25,658,198,"e-RTb","fixed_10_20",0.5,10,20,0.423,0.0156227718411299,359,3.35984600083647,1000,0.8,0.05
0.1,0.35,0.25,658,198,"e-RTe","fixed_10_20",0.5,10,20,0.236,0.0134277324965908,130,3.45901303409007,1000,0.8,0.05
0.1,0.35,0.25,658,198,"e-RTb","fixed_30_50",0.5,30,50,0.461,0.0157632166768081,371,4.60275754467914,1000,0.8,0.05
0.1,0.35,0.25,658,198,"e-RTe","fixed_30_50",0.5,30,50,0.167,0.01179453263169,155,2.8204842906998,1000,0.8,0.05
0.1,0.35,0.25,658,198,"e-RTb","proportional_5_10",0.5,33,66,0.463,0.0157680372906713,378,4.53947283244714,1000,0.8,0.05
0.1,0.35,0.25,658,198,"e-RTe","proportional_5_10",0.5,10,20,0.236,0.0134277324965908,130,3.45901303409007,1000,0.8,0.05
0.1,0.35,0.25,658,198,"e-RTb","proportional_10_20",0.5,66,132,0.441,0.0157009235397157,418,4.97436644566371,1000,0.8,0.05
0.1,0.35,0.25,658,198,"e-RTe","proportional_10_20",0.5,20,40,0.203,0.0127197091161709,144,3.10070538733736,1000,0.8,0.05
0.1,0.35,0.25,658,198,"e-RTb","default",0.75,50,100,0.465,0.0157726028289563,347,1.21809548050383,1000,0.8,0.05
0.1,0.35,0.25,658,198,"e-RTe","default",0.75,30,50,0.283,0.0142446832186609,136,3.26490103199283,1000,0.8,0.05
0.1,0.35,0.25,658,198,"e-RTb","fixed_10_20",0.75,10,20,0.347,0.0150529399121899,287,0.286953209944671,1000,0.8,0.05
0.1,0.35,0.25,658,198,"e-RTe","fixed_10_20",0.75,10,20,0.323,0.0147875285291356,119,3.61001121877893,1000,0.8,0.05
0.1,0.35,0.25,658,198,"e-RTb","fixed_30_50",0.75,30,50,0.432,0.0156644821171975,312,0.744431068104272,1000,0.8,0.05
0.1,0.35,0.25,658,198,"e-RTe","fixed_30_50",0.75,30,50,0.283,0.0142446832186609,136,3.26490103199283,1000,0.8,0.05
0.1,0.35,0.25,658,198,"e-RTb","proportional_5_10",0.75,33,66,0.446,0.0157189058143371,315.5,0.871895169703197,1000,0.8,0.05
0.1,0.35,0.25,658,198,"e-RTe","proportional_5_10",0.75,10,20,0.323,0.0147875285291356,119,3.61001121877893,1000,0.8,0.05
0.1,0.35,0.25,658,198,"e-RTb","proportional_10_20",0.75,66,132,0.482,0.0158011391994375,362,1.55277322391576,1000,0.8,0.05
0.1,0.35,0.25,658,198,"e-RTe","proportional_10_20",0.75,20,40,0.319,0.0147390298188178,129,3.52412784330684,1000,0.8,0.05
0.1,0.35,0.25,658,198,"e-RTb","default",1,50,100,0.397,0.0154722655096143,264,0.113315926070911,1000,0.8,0.05
0.1,0.35,0.25,658,198,"e-RTe","default",1,30,50,0.346,0.0150427391122761,126.5,3.02105104443871,1000,0.8,0.05
0.1,0.35,0.25,658,198,"e-RTb","fixed_10_20",1,10,20,0.225,0.0132051126462443,178,0.00575139905856044,1000,0.8,0.05
0.1,0.35,0.25,658,198,"e-RTe","fixed_10_20",1,10,20,0.367,0.0152417518678136,112,2.45206972374182,1000,0.8,0.05
0.1,0.35,0.25,658,198,"e-RTb","fixed_30_50",1,30,50,0.348,0.0150630674166984,241.5,0.0410681493426696,1000,0.8,0.05
0.1,0.35,0.25,658,198,"e-RTe","fixed_30_50",1,30,50,0.346,0.0150427391122761,126.5,3.02105104443871,1000,0.8,0.05
0.1,0.35,0.25,658,198,"e-RTb","proportional_5_10",1,33,66,0.368,0.0152504426165276,253,0.0571134174797972,1000,0.8,0.05
0.1,0.35,0.25,658,198,"e-RTe","proportional_5_10",1,10,20,0.367,0.0152417518678136,112,2.45206972374182,1000,0.8,0.05
0.1,0.35,0.25,658,198,"e-RTb","proportional_10_20",1,66,132,0.422,0.015617810345884,322,0.190296797108066,1000,0.8,0.05
0.1,0.35,0.25,658,198,"e-RTe","proportional_10_20",1,20,40,0.365,0.0152241584332271,119,2.96457676022669,1000,0.8,0.05
0.1,0.4,0.3,712,250,"e-RTb","default",0.25,50,100,0.333,0.0149033888763596,482,6.18057885245657,1000,0.8,0.05
0.1,0.4,0.3,712,250,"e-RTe","default",0.25,30,50,0.034,0.00573096850453743,209.5,1.86140292433731,1000,0.8,0.05
0.1,0.4,0.3,712,250,"e-RTb","fixed_10_20",0.25,10,20,0.355,0.0151319199046255,437,6.29182294869322,1000,0.8,0.05
0.1,0.4,0.3,712,250,"e-RTe","fixed_10_20",0.25,10,20,0.058,0.00739161687318817,194.5,2.11544807161479,1000,0.8,0.05
0.1,0.4,0.3,712,250,"e-RTb","fixed_30_50",0.25,30,50,0.351,0.0150930116279025,460,6.80208834781798,1000,0.8,0.05
0.1,0.4,0.3,712,250,"e-RTe","fixed_30_50",0.25,30,50,0.034,0.00573096850453743,209.5,1.86140292433731,1000,0.8,0.05
0.1,0.4,0.3,712,250,"e-RTb","proportional_5_10",0.25,36,72,0.346,0.0150427391122761,475,6.48660000341228,1000,0.8,0.05
0.1,0.4,0.3,712,250,"e-RTe","proportional_5_10",0.25,13,25,0.053,0.00708456067798138,198,2.05626211794426,1000,0.8,0.05
0.1,0.4,0.3,712,250,"e-RTb","proportional_10_20",0.25,72,143,0.305,0.0145593612497252,516,5.70131210769547,1000,0.8,0.05
0.1,0.4,0.3,712,250,"e-RTe","proportional_10_20",0.25,25,50,0.037,0.00596917079668525,208,1.89099401981143,1000,0.8,0.05
0.1,0.4,0.3,712,250,"e-RTb","default",0.5,50,100,0.513,0.0158060431481127,392,6.89656035783715,1000,0.8,0.05
0.1,0.4,0.3,712,250,"e-RTe","default",0.5,30,50,0.175,0.0120156148406979,189,2.63756040383913,1000,0.8,0.05
0.1,0.4,0.3,712,250,"e-RTb","fixed_10_20",0.5,10,20,0.466,0.0157747900144503,367,4.0042101076243,1000,0.8,0.05
0.1,0.4,0.3,712,250,"e-RTe","fixed_10_20",0.5,10,20,0.212,0.0129250145067617,169.5,2.97740640258311,1000,0.8,0.05
0.1,0.4,0.3,712,250,"e-RTb","fixed_30_50",0.5,30,50,0.512,0.0158068339650924,382,6.09925507142904,1000,0.8,0.05
0.1,0.4,0.3,712,250,"e-RTe","fixed_30_50",0.5,30,50,0.175,0.0120156148406979,189,2.63756040383913,1000,0.8,0.05
0.1,0.4,0.3,712,250,"e-RTb","proportional_5_10",0.5,36,72,0.516,0.0158032907965398,386,6.48766046146546,1000,0.8,0.05
0.1,0.4,0.3,712,250,"e-RTe","proportional_5_10",0.5,13,25,0.206,0.0127892142057282,172,3.00743311001561,1000,0.8,0.05
0.1,0.4,0.3,712,250,"e-RTb","proportional_10_20",0.5,72,143,0.512,0.0158068339650924,417.5,6.74193737151671,1000,0.8,0.05
0.1,0.4,0.3,712,250,"e-RTe","proportional_10_20",0.5,25,50,0.181,0.0121753439376471,187,2.69868631678519,1000,0.8,0.05
0.1,0.4,0.3,712,250,"e-RTb","default",0.75,50,100,0.497,0.015811103693291,352,1.34673555271647,1000,0.8,0.05
0.1,0.4,0.3,712,250,"e-RTe","default",0.75,30,50,0.279,0.0141830532678969,174,2.91553159871886,1000,0.8,0.05
0.1,0.4,0.3,712,250,"e-RTb","fixed_10_20",0.75,10,20,0.342,0.0150011999520038,314.5,0.246790860532986,1000,0.8,0.05
0.1,0.4,0.3,712,250,"e-RTe","fixed_10_20",0.75,10,20,0.312,0.0146511433000978,157.5,2.84831593208653,1000,0.8,0.05
0.1,0.4,0.3,712,250,"e-RTb","fixed_30_50",0.75,30,50,0.439,0.0156932788161047,334,0.827651025978821,1000,0.8,0.05
0.1,0.4,0.3,712,250,"e-RTe","fixed_30_50",0.75,30,50,0.279,0.0141830532678969,174,2.91553159871886,1000,0.8,0.05
0.1,0.4,0.3,712,250,"e-RTb","proportional_5_10",0.75,36,72,0.464,0.0157703519301251,344,1.03643255338861,1000,0.8,0.05
0.1,0.4,0.3,712,250,"e-RTe","proportional_5_10",0.75,13,25,0.313,0.0146639353517397,161,2.993699577742,1000,0.8,0.05
0.1,0.4,0.3,712,250,"e-RTb","proportional_10_20",0.75,72,143,0.522,0.0157960754619621,378,1.80526264288827,1000,0.8,0.05
0.1,0.4,0.3,712,250,"e-RTe","proportional_10_20",0.75,25,50,0.291,0.0143638086871136,173,2.98312343467059,1000,0.8,0.05
0.1,0.4,0.3,712,250,"e-RTb","default",1,50,100,0.403,0.0155109960995418,291,0.0888189028491174,1000,0.8,0.05
0.1,0.4,0.3,712,250,"e-RTe","default",1,30,50,0.336,0.0149366662947259,163,2.37863542470915,1000,0.8,0.05
0.1,0.4,0.3,712,250,"e-RTb","fixed_10_20",1,10,20,0.19,0.0124056438768812,195,0.00283512189168306,1000,0.8,0.05
0.1,0.4,0.3,712,250,"e-RTe","fixed_10_20",1,10,20,0.338,0.0149584758581882,140.5,1.84961469914885,1000,0.8,0.05
0.1,0.4,0.3,712,250,"e-RTb","fixed_30_50",1,30,50,0.333,0.0149033888763596,276,0.0262716472850805,1000,0.8,0.05
0.1,0.4,0.3,712,250,"e-RTe","fixed_30_50",1,30,50,0.336,0.0149366662947259,163,2.37863542470915,1000,0.8,0.05
0.1,0.4,0.3,712,250,"e-RTb","proportional_5_10",1,36,72,0.36,0.0151789327688082,284.5,0.0462803348090193,1000,0.8,0.05
0.1,0.4,0.3,712,250,"e-RTe","proportional_5_10",1,13,25,0.339,0.0149692685192029,140,2.08953691985582,1000,0.8,0.05
0.1,0.4,0.3,712,250,"e-RTb","proportional_10_20",1,72,143,0.439,0.0156932788161047,318,0.177857833646577,1000,0.8,0.05
0.1,0.4,0.3,712,250,"e-RTe","proportional_10_20",1,25,50,0.34,0.0149799866488592,158,2.39497228432842,1000,0.8,0.05
