"endpoint","scenario_type","true_hr","planning_hr","policy","policy_display","wager_misspecification","hr_wager","n_events","n_patients","rejection_rate","se","median_crossing","median_crossing_frac","median_final_evalue","median_crossing_log_hr","median_crossing_hr","median_final_log_hr","median_final_hr","median_type_m","type_m_q75","type_m_q90","type_s_rate","n_crossed","target_power","alpha","n_sims"
"e-RTs","null",1,0.9,"fixed","Fixed 0.25","fixed",NA,2829,2829,0.054,0.00714730718522718,439.5,0.155355249204666,3.22596204566429e-10,0.192963787507275,1.21292606530995,0.000654061051930303,1.00065427673448,NA,NA,NA,NA,54,0.8,0.05,1000
"e-RTs","null",1,0.9,"adaptive","Adaptive half","adaptive",NA,2829,2829,0.012,0.00344325427466517,801,0.283138918345705,0.512015281354859,-0.228067215297536,0.796074893598327,0.000654061051930303,1.00065427673448,NA,NA,NA,NA,12,0.8,0.05,1000
"e-RTs","null",1,0.9,"design","Design matched","matched",0.9,2829,2829,0.043,0.00641490451994416,1212,0.428419936373277,0.0221100980650576,-0.141234945072483,0.868285288381455,0.000654061051930303,1.00065427673448,NA,NA,NA,NA,43,0.8,0.05,1000
"e-RTs","null",1,0.8,"fixed","Fixed 0.25","fixed",NA,631,631,0.035,0.00581162627841812,254,0.402535657686212,0.0108952201815148,0.229425977184491,1.25787775212424,0.00196178720133404,1.00196371280432,NA,NA,NA,NA,35,0.8,0.05,1000
"e-RTs","null",1,0.8,"adaptive","Adaptive half","adaptive",NA,631,631,0.005,0.00223047080231955,194,0.307448494453249,0.630615787457132,-0.472990424249214,0.623136038144496,0.00196178720133404,1.00196371280432,NA,NA,NA,NA,5,0.8,0.05,1000
"e-RTs","null",1,0.8,"design","Design matched","matched",0.8,631,631,0.023,0.00474035863622153,290,0.45958795562599,0.0325124420449313,-0.268590628895566,0.764456137854807,0.00196178720133404,1.00196371280432,NA,NA,NA,NA,23,0.8,0.05,1000
"e-RTs","null",1,0.7,"fixed","Fixed 0.25","fixed",NA,247,247,0.006,0.00244213021765835,181,0.732793522267207,0.231245805494103,-0.403979132786218,0.667945846398939,-0.00144576269180079,0.998555284504657,NA,NA,NA,NA,6,0.8,0.05,1000
"e-RTs","null",1,0.7,"adaptive","Adaptive half","adaptive",NA,247,247,0.001,0.000999499874937461,195,0.789473684210526,0.72538846772646,-0.491811083226686,0.611517880905582,-0.00144576269180079,0.998555284504657,NA,NA,NA,NA,1,0.8,0.05,1000
"e-RTs","null",1,0.7,"design","Design matched","matched",0.7,247,247,0.022,0.00463853425124791,159,0.643724696356275,0.0601429345868315,-0.342801716666006,0.709780438106474,-0.00144576269180079,0.998555284504657,NA,NA,NA,NA,22,0.8,0.05,1000
"e-RTs","alternative",0.9,0.9,"fixed","Fixed 0.25","fixed",NA,2829,2829,0.373,0.0152928414625929,647,0.228702721809827,0.00508348325636365,-0.218001189609216,0.804124485072093,-0.104994944529671,0.900329096374531,2.07669576818191,2.6969722063724,3.69218736224751,0.00536193029490617,373,0.8,0.05,1000
"e-RTs","alternative",0.9,0.9,"adaptive","Adaptive half","adaptive",NA,2829,2829,0.416,0.0155866609637857,1684,0.595263343937787,7.70967735392172,-0.163877856412116,0.848845764961991,-0.104994944529671,0.900329096374531,1.56093743779519,2.03132284185158,2.93747814608051,0.00240384615384615,416,0.8,0.05,1000
"e-RTs","alternative",0.9,0.9,"design","Design under","underestimated",0.95,2829,2829,0.538,0.0157656588825206,2119.5,0.749204665959703,17.1708433346618,-0.139876434566408,0.869465705768149,-0.104994944529671,0.900329096374531,1.32759823443421,1.58213875915838,1.82989690752845,0,538,0.8,0.05,1000
"e-RTs","alternative",0.9,0.9,"design","Design matched","matched",0.9,2829,2829,0.754,0.0136192510807313,1366.5,0.483032873806999,48.5434218839463,-0.13740618570161,0.871616116216264,-0.104994944529671,0.900329096374531,1.30415255509812,1.69077238174973,2.17497000256113,0,754,0.8,0.05,1000
"e-RTs","alternative",0.9,0.9,"design","Design over","overestimated",0.85,2829,2829,0.704,0.0144355117678592,1014,0.358430540827147,16.4491464036671,-0.15687035068477,0.854814886113157,-0.104994944529671,0.900329096374531,1.48889125784302,1.96267714655495,2.62994408672091,0,704,0.8,0.05,1000
"e-RTs","alternative",0.8,0.8,"fixed","Fixed 0.25","fixed",NA,631,631,0.612,0.0154096073927923,311,0.492868462757528,20.9935255369812,-0.317818388322315,0.727735016842468,-0.222879872762924,0.80021099310928,1.42427771921042,1.73155111437066,2.13234855970565,0,612,0.8,0.05,1000
"e-RTs","alternative",0.8,0.8,"adaptive","Adaptive half","adaptive",NA,631,631,0.382,0.015364764885933,380.5,0.603011093502377,7.28035492858091,-0.350088943633219,0.704625417141179,-0.222879872762924,0.80021099310928,1.56889563499084,1.86047484575575,2.36322234532729,0,382,0.8,0.05,1000
"e-RTs","alternative",0.8,0.8,"design","Design under","underestimated",0.9,631,631,0.402,0.0155047089621186,472.5,0.748811410459588,12.7573753932104,-0.313368887413694,0.730980213431988,-0.222879872762924,0.80021099310928,1.40433763632469,1.66311820619377,1.88522151575138,0,402,0.8,0.05,1000
"e-RTs","alternative",0.8,0.8,"design","Design matched","matched",0.8,631,631,0.708,0.0143783170086071,328,0.519809825673534,35.3663097307736,-0.293635588864596,0.745548128007959,-0.222879872762924,0.80021099310928,1.3159044352177,1.66021295673002,2.05226393105766,0,708,0.8,0.05,1000
"e-RTs","alternative",0.8,0.8,"design","Design over","overestimated",0.7,631,631,0.663,0.0149476085043729,249,0.394611727416799,10.7863321196231,-0.319641917809726,0.72640910467136,-0.222879872762924,0.80021099310928,1.43244972094056,1.79937768064963,2.23427761237579,0,663,0.8,0.05,1000
"e-RTs","alternative",0.7,0.7,"fixed","Fixed 0.25","fixed",NA,247,247,0.468,0.0157789733506334,186,0.753036437246964,12.733771387938,-0.480551067449753,0.618442496070912,-0.361222847263836,0.69682369840363,1.34730817405637,1.56087070930687,1.86437293399687,0,468,0.8,0.05,1000
"e-RTs","alternative",0.7,0.7,"adaptive","Adaptive half","adaptive",NA,247,247,0.282,0.0142294061717276,170.5,0.690283400809717,5.59921622910962,-0.558013663051991,0.572344812051163,-0.361222847263836,0.69682369840363,1.56448798138129,1.83069901912699,2.0413955110951,0,282,0.8,0.05,1000
"e-RTs","alternative",0.7,0.7,"design","Design under","underestimated",0.85,247,247,0.175,0.0120156148406979,199,0.805668016194332,7.89985545482143,-0.559127017675871,0.57170793698697,-0.361222847263836,0.69682369840363,1.56760946396031,1.74928835535256,2.03897625371553,0,175,0.8,0.05,1000
"e-RTs","alternative",0.7,0.7,"design","Design matched","matched",0.7,247,247,0.627,0.0152928414625929,158,0.639676113360324,20.97455829692,-0.452300256491604,0.636163128936721,-0.361222847263836,0.69682369840363,1.26810213102409,1.54033849103244,1.80801624115243,0,627,0.8,0.05,1000
"e-RTs","alternative",0.7,0.7,"design","Design over","overestimated",0.55,247,247,0.617,0.0153724103510152,124,0.502024291497976,6.95291021735548,-0.463907232135097,0.62882188622519,-0.361222847263836,0.69682369840363,1.30064429817303,1.57926278021123,1.92459206985349,0,617,0.8,0.05,1000
