"scenario_type","true_wr","design_wr","true_d","design_d","n_pairs","n_patients","design_method","kelly_fraction","burn_in","ramp","rejection_rate","se","median_crossing","median_final_evalue","target_power","alpha","n_sims"
"null",1,1.1,0,0.0844527324219911,2305,4610,"Yu-Ganju WR",1,0,20,0.051,0.00695693898205238,37,0.0531607099712561,0.8,0.05,1000
"null",1,1.1,0,0.0844527324219911,2305,4610,"Yu-Ganju WR",1,10,20,0.038,0.00604615580348373,118.5,0.084860980134595,0.8,0.05,1000
"null",1,1.1,0,0.0844527324219911,2305,4610,"Yu-Ganju WR",1,20,20,0.03,0.00539444158370447,273,0.107920764980638,0.8,0.05,1000
"null",1,1.1,0,0.0844527324219911,2305,4610,"Yu-Ganju WR",1,30,20,0.037,0.00596917079668525,264,0.127510798331001,0.8,0.05,1000
"null",1,1.1,0,0.0844527324219911,2305,4610,"Yu-Ganju WR",1,0,35,0.036,0.00589101010014412,81.5,0.0722448904650411,0.8,0.05,1000
"null",1,1.1,0,0.0844527324219911,2305,4610,"Yu-Ganju WR",1,10,35,0.041,0.00627048642451285,216,0.100953238440571,0.8,0.05,1000
"null",1,1.1,0,0.0844527324219911,2305,4610,"Yu-Ganju WR",1,20,35,0.028,0.0052168956286282,187.5,0.120414481969877,0.8,0.05,1000
"null",1,1.1,0,0.0844527324219911,2305,4610,"Yu-Ganju WR",1,30,35,0.033,0.00564898220921256,235,0.136726079248622,0.8,0.05,1000
"null",1,1.1,0,0.0844527324219911,2305,4610,"Yu-Ganju WR",1,0,50,0.03,0.00539444158370447,122.5,0.0906201823223982,0.8,0.05,1000
"null",1,1.1,0,0.0844527324219911,2305,4610,"Yu-Ganju WR",1,10,50,0.025,0.00493710441453287,177,0.114796826819017,0.8,0.05,1000
"null",1,1.1,0,0.0844527324219911,2305,4610,"Yu-Ganju WR",1,20,50,0.048,0.00675988165576883,202.5,0.129950813883284,0.8,0.05,1000
"null",1,1.1,0,0.0844527324219911,2305,4610,"Yu-Ganju WR",1,30,50,0.037,0.00596917079668525,299,0.145648541946107,0.8,0.05,1000
"null",1,1.1,0,0.0844527324219911,2305,4610,"Yu-Ganju WR",1,0,75,0.026,0.00503229569878401,617.5,0.112631699647488,0.8,0.05,1000
"null",1,1.1,0,0.0844527324219911,2305,4610,"Yu-Ganju WR",1,10,75,0.034,0.00573096850453743,279.5,0.129527660594573,0.8,0.05,1000
"null",1,1.1,0,0.0844527324219911,2305,4610,"Yu-Ganju WR",1,20,75,0.033,0.00564898220921256,494,0.149339566363001,0.8,0.05,1000
"null",1,1.1,0,0.0844527324219911,2305,4610,"Yu-Ganju WR",1,30,75,0.033,0.00564898220921256,386,0.15753458446808,0.8,0.05,1000
"null",1,1.1,0,0.0844527324219911,2305,4610,"Yu-Ganju WR",1,0,100,0.036,0.00589101010014412,254,0.129439908179955,0.8,0.05,1000
"null",1,1.1,0,0.0844527324219911,2305,4610,"Yu-Ganju WR",1,10,100,0.036,0.00589101010014412,371,0.149161174137708,0.8,0.05,1000
"null",1,1.1,0,0.0844527324219911,2305,4610,"Yu-Ganju WR",1,20,100,0.036,0.00589101010014412,263,0.164168037021614,0.8,0.05,1000
"null",1,1.1,0,0.0844527324219911,2305,4610,"Yu-Ganju WR",1,30,100,0.039,0.00612200947402076,295,0.171525922303866,0.8,0.05,1000
"alternative",1.1,1.1,0.0844527324219911,0.0844527324219911,2305,4610,"Yu-Ganju WR",1,0,20,0.227,0.0132465467198059,1171,0.53446994626753,0.8,0.05,1000
"alternative",1.1,1.1,0.0844527324219911,0.0844527324219911,2305,4610,"Yu-Ganju WR",1,10,20,0.281,0.014214042352547,1083,0.759144111403664,0.8,0.05,1000
"alternative",1.1,1.1,0.0844527324219911,0.0844527324219911,2305,4610,"Yu-Ganju WR",1,20,20,0.287,0.0143049292203771,1101,0.926843759888039,0.8,0.05,1000
"alternative",1.1,1.1,0.0844527324219911,0.0844527324219911,2305,4610,"Yu-Ganju WR",1,30,20,0.29,0.0143492160064583,1066,1.16930955429282,0.8,0.05,1000
"alternative",1.1,1.1,0.0844527324219911,0.0844527324219911,2305,4610,"Yu-Ganju WR",1,0,35,0.274,0.0141040419738457,1159.5,0.775221732439666,0.8,0.05,1000
"alternative",1.1,1.1,0.0844527324219911,0.0844527324219911,2305,4610,"Yu-Ganju WR",1,10,35,0.304,0.0145459272650457,1220.5,0.903610787784773,0.8,0.05,1000
"alternative",1.1,1.1,0.0844527324219911,0.0844527324219911,2305,4610,"Yu-Ganju WR",1,20,35,0.299,0.0144775343204566,1059,1.19590927670505,0.8,0.05,1000
"alternative",1.1,1.1,0.0844527324219911,0.0844527324219911,2305,4610,"Yu-Ganju WR",1,30,35,0.3,0.0144913767461894,1098,1.08273475510212,0.8,0.05,1000
"alternative",1.1,1.1,0.0844527324219911,0.0844527324219911,2305,4610,"Yu-Ganju WR",1,0,50,0.278,0.0141674274305535,1146.5,0.848503845598912,0.8,0.05,1000
"alternative",1.1,1.1,0.0844527324219911,0.0844527324219911,2305,4610,"Yu-Ganju WR",1,10,50,0.298,0.0144636095080032,1122.5,0.88477438604379,0.8,0.05,1000
"alternative",1.1,1.1,0.0844527324219911,0.0844527324219911,2305,4610,"Yu-Ganju WR",1,20,50,0.328,0.0148464137083674,1055.5,1.31690666752623,0.8,0.05,1000
"alternative",1.1,1.1,0.0844527324219911,0.0844527324219911,2305,4610,"Yu-Ganju WR",1,30,50,0.339,0.0149692685192029,1101,1.42660701175928,0.8,0.05,1000
"alternative",1.1,1.1,0.0844527324219911,0.0844527324219911,2305,4610,"Yu-Ganju WR",1,0,75,0.303,0.0145324120503102,1123,1.1096357729428,0.8,0.05,1000
"alternative",1.1,1.1,0.0844527324219911,0.0844527324219911,2305,4610,"Yu-Ganju WR",1,10,75,0.297,0.0144496020706454,1145,1.23383742846446,0.8,0.05,1000
"alternative",1.1,1.1,0.0844527324219911,0.0844527324219911,2305,4610,"Yu-Ganju WR",1,20,75,0.325,0.0148113132435986,1111,1.26720916136142,0.8,0.05,1000
"alternative",1.1,1.1,0.0844527324219911,0.0844527324219911,2305,4610,"Yu-Ganju WR",1,30,75,0.349,0.0150731217735411,1057,1.52821736025713,0.8,0.05,1000
"alternative",1.1,1.1,0.0844527324219911,0.0844527324219911,2305,4610,"Yu-Ganju WR",1,0,100,0.308,0.0145991780590552,1065.5,1.29934505466884,0.8,0.05,1000
"alternative",1.1,1.1,0.0844527324219911,0.0844527324219911,2305,4610,"Yu-Ganju WR",1,10,100,0.312,0.0146511433000978,1178.5,1.38971282615282,0.8,0.05,1000
"alternative",1.1,1.1,0.0844527324219911,0.0844527324219911,2305,4610,"Yu-Ganju WR",1,20,100,0.341,0.0149906304070243,1173,1.63712936197214,0.8,0.05,1000
"alternative",1.1,1.1,0.0844527324219911,0.0844527324219911,2305,4610,"Yu-Ganju WR",1,30,100,0.329,0.0148579608291313,1127,1.51254630061919,0.8,0.05,1000
"null",1,1.2,0,0.161482391852927,630,1260,"Yu-Ganju WR",1,0,20,0.04,0.00619677335393187,58.5,0.100353387919032,0.8,0.05,1000
"null",1,1.2,0,0.161482391852927,630,1260,"Yu-Ganju WR",1,10,20,0.038,0.00604615580348373,84.5,0.162873745207565,0.8,0.05,1000
"null",1,1.2,0,0.161482391852927,630,1260,"Yu-Ganju WR",1,20,20,0.039,0.00612200947402076,141,0.206037794946975,0.8,0.05,1000
"null",1,1.2,0,0.161482391852927,630,1260,"Yu-Ganju WR",1,30,20,0.026,0.00503229569878401,159,0.238917592118304,0.8,0.05,1000
"null",1,1.2,0,0.161482391852927,630,1260,"Yu-Ganju WR",1,0,35,0.022,0.00463853425124791,150.5,0.142178277451307,0.8,0.05,1000
"null",1,1.2,0,0.161482391852927,630,1260,"Yu-Ganju WR",1,10,35,0.021,0.00453420334788814,116,0.189630004206585,0.8,0.05,1000
"null",1,1.2,0,0.161482391852927,630,1260,"Yu-Ganju WR",1,20,35,0.037,0.00596917079668525,152,0.231868341399816,0.8,0.05,1000
"null",1,1.2,0,0.161482391852927,630,1260,"Yu-Ganju WR",1,30,35,0.02,0.00442718872423573,224,0.260750827711272,0.8,0.05,1000
"null",1,1.2,0,0.161482391852927,630,1260,"Yu-Ganju WR",1,0,50,0.037,0.00596917079668525,106,0.17249081981855,0.8,0.05,1000
"null",1,1.2,0,0.161482391852927,630,1260,"Yu-Ganju WR",1,10,50,0.027,0.00512552436341883,139,0.216270527067218,0.8,0.05,1000
"null",1,1.2,0,0.161482391852927,630,1260,"Yu-Ganju WR",1,20,50,0.038,0.00604615580348373,143.5,0.252335397899178,0.8,0.05,1000
"null",1,1.2,0,0.161482391852927,630,1260,"Yu-Ganju WR",1,30,50,0.023,0.00474035863622153,235,0.288966682846983,0.8,0.05,1000
"null",1,1.2,0,0.161482391852927,630,1260,"Yu-Ganju WR",1,0,75,0.035,0.00581162627841812,161,0.217651981775762,0.8,0.05,1000
"null",1,1.2,0,0.161482391852927,630,1260,"Yu-Ganju WR",1,10,75,0.022,0.00463853425124791,180,0.244802597698405,0.8,0.05,1000
"null",1,1.2,0,0.161482391852927,630,1260,"Yu-Ganju WR",1,20,75,0.022,0.00463853425124791,205,0.279210819155392,0.8,0.05,1000
"null",1,1.2,0,0.161482391852927,630,1260,"Yu-Ganju WR",1,30,75,0.021,0.00453420334788814,237,0.309086450911006,0.8,0.05,1000
"null",1,1.2,0,0.161482391852927,630,1260,"Yu-Ganju WR",1,0,100,0.029,0.00530650544143695,230,0.243927032952219,0.8,0.05,1000
"null",1,1.2,0,0.161482391852927,630,1260,"Yu-Ganju WR",1,10,100,0.034,0.00573096850453743,211,0.282244894223769,0.8,0.05,1000
"null",1,1.2,0,0.161482391852927,630,1260,"Yu-Ganju WR",1,20,100,0.028,0.0052168956286282,283,0.306024862775346,0.8,0.05,1000
"null",1,1.2,0,0.161482391852927,630,1260,"Yu-Ganju WR",1,30,100,0.026,0.00503229569878401,209.5,0.336520439098483,0.8,0.05,1000
"alternative",1.2,1.2,0.161482391852927,0.161482391852927,630,1260,"Yu-Ganju WR",1,0,20,0.295,0.0144213383567546,295,0.98315446772057,0.8,0.05,1000
"alternative",1.2,1.2,0.161482391852927,0.161482391852927,630,1260,"Yu-Ganju WR",1,10,20,0.322,0.0147755202954075,258.5,1.44670576556526,0.8,0.05,1000
"alternative",1.2,1.2,0.161482391852927,0.161482391852927,630,1260,"Yu-Ganju WR",1,20,20,0.329,0.0148579608291313,305,1.53874506731218,0.8,0.05,1000
"alternative",1.2,1.2,0.161482391852927,0.161482391852927,630,1260,"Yu-Ganju WR",1,30,20,0.348,0.0150630674166984,323,2.12675718350772,0.8,0.05,1000
"alternative",1.2,1.2,0.161482391852927,0.161482391852927,630,1260,"Yu-Ganju WR",1,0,35,0.324,0.014799459449588,267,1.29152972815077,0.8,0.05,1000
"alternative",1.2,1.2,0.161482391852927,0.161482391852927,630,1260,"Yu-Ganju WR",1,10,35,0.319,0.0147390298188178,285,1.45747171577062,0.8,0.05,1000
"alternative",1.2,1.2,0.161482391852927,0.161482391852927,630,1260,"Yu-Ganju WR",1,20,35,0.302,0.0145188153786733,327,1.59560806906894,0.8,0.05,1000
"alternative",1.2,1.2,0.161482391852927,0.161482391852927,630,1260,"Yu-Ganju WR",1,30,35,0.362,0.0151972365909069,343,2.14296818337912,0.8,0.05,1000
"alternative",1.2,1.2,0.161482391852927,0.161482391852927,630,1260,"Yu-Ganju WR",1,0,50,0.318,0.0147267104269759,340,1.50117233783955,0.8,0.05,1000
"alternative",1.2,1.2,0.161482391852927,0.161482391852927,630,1260,"Yu-Ganju WR",1,10,50,0.346,0.0150427391122761,307,1.80701819986004,0.8,0.05,1000
"alternative",1.2,1.2,0.161482391852927,0.161482391852927,630,1260,"Yu-Ganju WR",1,20,50,0.338,0.0149584758581882,347,2.06199059923423,0.8,0.05,1000
"alternative",1.2,1.2,0.161482391852927,0.161482391852927,630,1260,"Yu-Ganju WR",1,30,50,0.391,0.0154311049507156,347,2.4387282627376,0.8,0.05,1000
"alternative",1.2,1.2,0.161482391852927,0.161482391852927,630,1260,"Yu-Ganju WR",1,0,75,0.336,0.0149366662947259,313.5,1.64107643810631,0.8,0.05,1000
"alternative",1.2,1.2,0.161482391852927,0.161482391852927,630,1260,"Yu-Ganju WR",1,10,75,0.371,0.0152760924322943,317,2.16061190558313,0.8,0.05,1000
"alternative",1.2,1.2,0.161482391852927,0.161482391852927,630,1260,"Yu-Ganju WR",1,20,75,0.367,0.0152417518678136,330,2.51047659283678,0.8,0.05,1000
"alternative",1.2,1.2,0.161482391852927,0.161482391852927,630,1260,"Yu-Ganju WR",1,30,75,0.358,0.0151603430040352,348,2.57086915033489,0.8,0.05,1000
"alternative",1.2,1.2,0.161482391852927,0.161482391852927,630,1260,"Yu-Ganju WR",1,0,100,0.374,0.0153011110707687,334,2.26140553221135,0.8,0.05,1000
"alternative",1.2,1.2,0.161482391852927,0.161482391852927,630,1260,"Yu-Ganju WR",1,10,100,0.345,0.0150324648677454,341,2.24811583115902,0.8,0.05,1000
"alternative",1.2,1.2,0.161482391852927,0.161482391852927,630,1260,"Yu-Ganju WR",1,20,100,0.374,0.0153011110707687,324.5,2.51467470731688,0.8,0.05,1000
"alternative",1.2,1.2,0.161482391852927,0.161482391852927,630,1260,"Yu-Ganju WR",1,30,100,0.395,0.0154588162548107,320,2.86760937473941,0.8,0.05,1000
"null",1,1.3,0,0.232229108033415,305,610,"Yu-Ganju WR",1,0,20,0.035,0.00581162627841812,45,0.145014312365802,0.8,0.05,1000
"null",1,1.3,0,0.232229108033415,305,610,"Yu-Ganju WR",1,10,20,0.022,0.00463853425124791,75.5,0.235315315206562,0.8,0.05,1000
"null",1,1.3,0,0.232229108033415,305,610,"Yu-Ganju WR",1,20,20,0.026,0.00503229569878401,108.5,0.298914600886664,0.8,0.05,1000
"null",1,1.3,0,0.232229108033415,305,610,"Yu-Ganju WR",1,30,20,0.023,0.00474035863622153,146,0.354502834004055,0.8,0.05,1000
"null",1,1.3,0,0.232229108033415,305,610,"Yu-Ganju WR",1,0,35,0.031,0.00548078461536302,47,0.204431422320165,0.8,0.05,1000
"null",1,1.3,0,0.232229108033415,305,610,"Yu-Ganju WR",1,10,35,0.03,0.00539444158370447,107,0.274798919496042,0.8,0.05,1000
"null",1,1.3,0,0.232229108033415,305,610,"Yu-Ganju WR",1,20,35,0.016,0.00396787096564392,148,0.330422934072315,0.8,0.05,1000
"null",1,1.3,0,0.232229108033415,305,610,"Yu-Ganju WR",1,30,35,0.02,0.00442718872423573,163,0.374259898027513,0.8,0.05,1000
"null",1,1.3,0,0.232229108033415,305,610,"Yu-Ganju WR",1,0,50,0.02,0.00442718872423573,87,0.24911436831649,0.8,0.05,1000
"null",1,1.3,0,0.232229108033415,305,610,"Yu-Ganju WR",1,10,50,0.012,0.00344325427466517,108,0.308920095000513,0.8,0.05,1000
"null",1,1.3,0,0.232229108033415,305,610,"Yu-Ganju WR",1,20,50,0.025,0.00493710441453287,135,0.369513831743656,0.8,0.05,1000
"null",1,1.3,0,0.232229108033415,305,610,"Yu-Ganju WR",1,30,50,0.016,0.00396787096564392,139,0.40321071172874,0.8,0.05,1000
"null",1,1.3,0,0.232229108033415,305,610,"Yu-Ganju WR",1,0,75,0.027,0.00512552436341883,112,0.30489765115484,0.8,0.05,1000
"null",1,1.3,0,0.232229108033415,305,610,"Yu-Ganju WR",1,10,75,0.027,0.00512552436341883,128,0.368497791775853,0.8,0.05,1000
"null",1,1.3,0,0.232229108033415,305,610,"Yu-Ganju WR",1,20,75,0.025,0.00493710441453287,162,0.403540898003952,0.8,0.05,1000
"null",1,1.3,0,0.232229108033415,305,610,"Yu-Ganju WR",1,30,75,0.015,0.00384382621875651,167,0.452335003265328,0.8,0.05,1000
"null",1,1.3,0,0.232229108033415,305,610,"Yu-Ganju WR",1,0,100,0.024,0.00483983470792134,177.5,0.355493366589404,0.8,0.05,1000
"null",1,1.3,0,0.232229108033415,305,610,"Yu-Ganju WR",1,10,100,0.02,0.00442718872423573,175.5,0.412211134084449,0.8,0.05,1000
"null",1,1.3,0,0.232229108033415,305,610,"Yu-Ganju WR",1,20,100,0.017,0.00408790900094413,177,0.443685966587185,0.8,0.05,1000
"null",1,1.3,0,0.232229108033415,305,610,"Yu-Ganju WR",1,30,100,0.024,0.00483983470792134,146,0.483259405483878,0.8,0.05,1000
"alternative",1.3,1.3,0.232229108033415,0.232229108033415,305,610,"Yu-Ganju WR",1,0,20,0.31,0.0146253205093085,140,1.52434375002708,0.8,0.05,1000
"alternative",1.3,1.3,0.232229108033415,0.232229108033415,305,610,"Yu-Ganju WR",1,10,20,0.322,0.0147755202954075,164.5,1.71532015940045,0.8,0.05,1000
"alternative",1.3,1.3,0.232229108033415,0.232229108033415,305,610,"Yu-Ganju WR",1,20,20,0.338,0.0149584758581882,167.5,2.16639934142538,0.8,0.05,1000
"alternative",1.3,1.3,0.232229108033415,0.232229108033415,305,610,"Yu-Ganju WR",1,30,20,0.348,0.0150630674166984,184,2.21292646386435,0.8,0.05,1000
"alternative",1.3,1.3,0.232229108033415,0.232229108033415,305,610,"Yu-Ganju WR",1,0,35,0.35,0.0150831031289984,157,2.09454032951598,0.8,0.05,1000
"alternative",1.3,1.3,0.232229108033415,0.232229108033415,305,610,"Yu-Ganju WR",1,10,35,0.344,0.0150221170279026,153.5,2.11459426306875,0.8,0.05,1000
"alternative",1.3,1.3,0.232229108033415,0.232229108033415,305,610,"Yu-Ganju WR",1,20,35,0.381,0.0153570504980611,166,2.57353994599351,0.8,0.05,1000
"alternative",1.3,1.3,0.232229108033415,0.232229108033415,305,610,"Yu-Ganju WR",1,30,35,0.347,0.0150529399121899,184,2.29434926148917,0.8,0.05,1000
"alternative",1.3,1.3,0.232229108033415,0.232229108033415,305,610,"Yu-Ganju WR",1,0,50,0.353,0.0151126106282138,170,2.22174057036365,0.8,0.05,1000
"alternative",1.3,1.3,0.232229108033415,0.232229108033415,305,610,"Yu-Ganju WR",1,10,50,0.351,0.0150930116279025,178,2.459370790033,0.8,0.05,1000
"alternative",1.3,1.3,0.232229108033415,0.232229108033415,305,610,"Yu-Ganju WR",1,20,50,0.352,0.0151028474136502,178.5,2.39841376915498,0.8,0.05,1000
"alternative",1.3,1.3,0.232229108033415,0.232229108033415,305,610,"Yu-Ganju WR",1,30,50,0.352,0.0151028474136502,185,2.78843314241795,0.8,0.05,1000
"alternative",1.3,1.3,0.232229108033415,0.232229108033415,305,610,"Yu-Ganju WR",1,0,75,0.329,0.0148579608291313,173,2.58903452776563,0.8,0.05,1000
"alternative",1.3,1.3,0.232229108033415,0.232229108033415,305,610,"Yu-Ganju WR",1,10,75,0.374,0.0153011110707687,199.5,3.0110616736869,0.8,0.05,1000
"alternative",1.3,1.3,0.232229108033415,0.232229108033415,305,610,"Yu-Ganju WR",1,20,75,0.369,0.0152590628807932,189,2.95475541380397,0.8,0.05,1000
"alternative",1.3,1.3,0.232229108033415,0.232229108033415,305,610,"Yu-Ganju WR",1,30,75,0.346,0.0150427391122761,196.5,2.62913259704406,0.8,0.05,1000
"alternative",1.3,1.3,0.232229108033415,0.232229108033415,305,610,"Yu-Ganju WR",1,0,100,0.361,0.0151881203577006,183,2.88987842953339,0.8,0.05,1000
"alternative",1.3,1.3,0.232229108033415,0.232229108033415,305,610,"Yu-Ganju WR",1,10,100,0.358,0.0151603430040352,181.5,2.74965937825235,0.8,0.05,1000
"alternative",1.3,1.3,0.232229108033415,0.232229108033415,305,610,"Yu-Ganju WR",1,20,100,0.319,0.0147390298188178,178,2.42115993994065,0.8,0.05,1000
"alternative",1.3,1.3,0.232229108033415,0.232229108033415,305,610,"Yu-Ganju WR",1,30,100,0.349,0.0150731217735411,194,2.98579692176946,0.8,0.05,1000
"null",1,1.5,0,0.358286909242583,128,256,"Yu-Ganju WR",1,0,20,0.029,0.00530650544143695,38,0.221730424128475,0.8,0.05,1000
"null",1,1.5,0,0.358286909242583,128,256,"Yu-Ganju WR",1,10,20,0.017,0.00408790900094413,64,0.365469143331325,0.8,0.05,1000
"null",1,1.5,0,0.358286909242583,128,256,"Yu-Ganju WR",1,20,20,0.007,0.00263647491928143,68,0.46872851753344,0.8,0.05,1000
"null",1,1.5,0,0.358286909242583,128,256,"Yu-Ganju WR",1,30,20,0.01,0.00314642654451045,77,0.539277491807197,0.8,0.05,1000
"null",1,1.5,0,0.358286909242583,128,256,"Yu-Ganju WR",1,0,35,0.015,0.00384382621875651,50,0.311936226616096,0.8,0.05,1000
"null",1,1.5,0,0.358286909242583,128,256,"Yu-Ganju WR",1,10,35,0.014,0.00371537346709587,71.5,0.433595236289364,0.8,0.05,1000
"null",1,1.5,0,0.358286909242583,128,256,"Yu-Ganju WR",1,20,35,0.01,0.00314642654451045,81,0.507822319645966,0.8,0.05,1000
"null",1,1.5,0,0.358286909242583,128,256,"Yu-Ganju WR",1,30,35,0.006,0.00244213021765835,105,0.58758333950297,0.8,0.05,1000
"null",1,1.5,0,0.358286909242583,128,256,"Yu-Ganju WR",1,0,50,0.016,0.00396787096564392,67.5,0.37931063004867,0.8,0.05,1000
"null",1,1.5,0,0.358286909242583,128,256,"Yu-Ganju WR",1,10,50,0.01,0.00314642654451045,72.5,0.484438879944816,0.8,0.05,1000
"null",1,1.5,0,0.358286909242583,128,256,"Yu-Ganju WR",1,20,50,0.01,0.00314642654451045,104,0.552228865271125,0.8,0.05,1000
"null",1,1.5,0,0.358286909242583,128,256,"Yu-Ganju WR",1,30,50,0.006,0.00244213021765835,108.5,0.627068679705605,0.8,0.05,1000
"null",1,1.5,0,0.358286909242583,128,256,"Yu-Ganju WR",1,0,75,0.009,0.00298646948753876,110,0.474503739588341,0.8,0.05,1000
"null",1,1.5,0,0.358286909242583,128,256,"Yu-Ganju WR",1,10,75,0.001,0.000999499874937461,111,0.557991557039189,0.8,0.05,1000
"null",1,1.5,0,0.358286909242583,128,256,"Yu-Ganju WR",1,20,75,0.009,0.00298646948753876,108,0.652349514499889,0.8,0.05,1000
"null",1,1.5,0,0.358286909242583,128,256,"Yu-Ganju WR",1,30,75,0.002,0.00141279864099595,100,0.691320409677019,0.8,0.05,1000
"null",1,1.5,0,0.358286909242583,128,256,"Yu-Ganju WR",1,0,100,0.006,0.00244213021765835,86,0.571010084168395,0.8,0.05,1000
"null",1,1.5,0,0.358286909242583,128,256,"Yu-Ganju WR",1,10,100,0.004,0.00199599599197994,113,0.640436746426583,0.8,0.05,1000
"null",1,1.5,0,0.358286909242583,128,256,"Yu-Ganju WR",1,20,100,0,0,NA,0.699901901779894,0.8,0.05,1000
"null",1,1.5,0,0.358286909242583,128,256,"Yu-Ganju WR",1,30,100,0,0,NA,0.775866869209728,0.8,0.05,1000
"alternative",1.5,1.5,0.358286909242583,0.358286909242583,128,256,"Yu-Ganju WR",1,0,20,0.327,0.0148347901906296,69,2.01316746634492,0.8,0.05,1000
"alternative",1.5,1.5,0.358286909242583,0.358286909242583,128,256,"Yu-Ganju WR",1,10,20,0.32,0.0147512711316686,82,2.40649911929404,0.8,0.05,1000
"alternative",1.5,1.5,0.358286909242583,0.358286909242583,128,256,"Yu-Ganju WR",1,20,20,0.348,0.0150630674166984,81.5,2.73792234134011,0.8,0.05,1000
"alternative",1.5,1.5,0.358286909242583,0.358286909242583,128,256,"Yu-Ganju WR",1,30,20,0.296,0.0144355117678591,84,2.49963274291204,0.8,0.05,1000
"alternative",1.5,1.5,0.358286909242583,0.358286909242583,128,256,"Yu-Ganju WR",1,0,35,0.353,0.0151126106282138,69,2.67060747992184,0.8,0.05,1000
"alternative",1.5,1.5,0.358286909242583,0.358286909242583,128,256,"Yu-Ganju WR",1,10,35,0.354,0.0151223014121528,80.5,2.7401814620098,0.8,0.05,1000
"alternative",1.5,1.5,0.358286909242583,0.358286909242583,128,256,"Yu-Ganju WR",1,20,35,0.322,0.0147755202954075,85,2.68017585857853,0.8,0.05,1000
"alternative",1.5,1.5,0.358286909242583,0.358286909242583,128,256,"Yu-Ganju WR",1,30,35,0.293,0.0143927412260486,92,2.56327765890057,0.8,0.05,1000
"alternative",1.5,1.5,0.358286909242583,0.358286909242583,128,256,"Yu-Ganju WR",1,0,50,0.379,0.0153414145371279,73,3.08408245580215,0.8,0.05,1000
"alternative",1.5,1.5,0.358286909242583,0.358286909242583,128,256,"Yu-Ganju WR",1,10,50,0.335,0.0149256490646136,89,2.79773486559849,0.8,0.05,1000
"alternative",1.5,1.5,0.358286909242583,0.358286909242583,128,256,"Yu-Ganju WR",1,20,50,0.29,0.0143492160064583,92,2.43225014716684,0.8,0.05,1000
"alternative",1.5,1.5,0.358286909242583,0.358286909242583,128,256,"Yu-Ganju WR",1,30,50,0.263,0.0139223202089307,99,2.5899804525863,0.8,0.05,1000
"alternative",1.5,1.5,0.358286909242583,0.358286909242583,128,256,"Yu-Ganju WR",1,0,75,0.327,0.0148347901906296,87,3.54912123348857,0.8,0.05,1000
"alternative",1.5,1.5,0.358286909242583,0.358286909242583,128,256,"Yu-Ganju WR",1,10,75,0.313,0.0146639353517397,91,3.29161013669211,0.8,0.05,1000
"alternative",1.5,1.5,0.358286909242583,0.358286909242583,128,256,"Yu-Ganju WR",1,20,75,0.26,0.0138708327075198,101,2.65376347558248,0.8,0.05,1000
"alternative",1.5,1.5,0.358286909242583,0.358286909242583,128,256,"Yu-Ganju WR",1,30,75,0.2,0.0126491106406735,108,2.32979618652806,0.8,0.05,1000
"alternative",1.5,1.5,0.358286909242583,0.358286909242583,128,256,"Yu-Ganju WR",1,0,100,0.315,0.0146892818068141,91,3.06687443291453,0.8,0.05,1000
"alternative",1.5,1.5,0.358286909242583,0.358286909242583,128,256,"Yu-Ganju WR",1,10,100,0.261,0.0138880884213775,102,2.74876168302261,0.8,0.05,1000
"alternative",1.5,1.5,0.358286909242583,0.358286909242583,128,256,"Yu-Ganju WR",1,20,100,0.211,0.0129026741414329,106,2.53310822100474,0.8,0.05,1000
"alternative",1.5,1.5,0.358286909242583,0.358286909242583,128,256,"Yu-Ganju WR",1,30,100,0.164,0.0117091417277271,116,2.34101312954843,0.8,0.05,1000
